"train/global_step","qwen3vl_rl - _step","qwen3vl_rl - _step__MIN","qwen3vl_rl - _step__MAX","qwen3vl_rl - train/rewards/combined_reward/mean","qwen3vl_rl - train/rewards/combined_reward/mean__MIN","qwen3vl_rl - train/rewards/combined_reward/mean__MAX"
"1","4","4","4","-0.10000000149011612","-0.10000000149011612","-0.10000000149011612"
"2","9","9","9","0.05166666582226753","0.05166666582226753","0.05166666582226753"
"3","14","14","14","0.029999999329447746","0.029999999329447746","0.029999999329447746"
"4","19","19","19","0.10000000149011612","0.10000000149011612","0.10000000149011612"
"5","24","24","24","-0.20000000298023224","-0.20000000298023224","-0.20000000298023224"
"6","29","29","29","0.016718266531825066","0.016718266531825066","0.016718266531825066"
"7","34","34","34","0.02812499925494194","0.02812499925494194","0.02812499925494194"
"8","39","39","39","0.07556221634149551","0.07556221634149551","0.07556221634149551"
"9","44","44","44","0.014999999664723873","0.014999999664723873","0.014999999664723873"
"10","49","49","49","0.5","0.5","0.5"
"11","54","54","54","0.06667279452085495","0.06667279452085495","0.06667279452085495"
"12","59","59","59","0.05812499672174454","0.05812499672174454","0.05812499672174454"
"13","64","64","64","0.07941608130931854","0.07941608130931854","0.07941608130931854"
"14","69","69","69","0.2730769217014313","0.2730769217014313","0.2730769217014313"
"15","74","74","74","0.034090910106897354","0.034090910106897354","0.034090910106897354"
"16","79","79","79","0.0223214291036129","0.0223214291036129","0.0223214291036129"
"17","84","84","84","0.08405769616365433","0.08405769616365433","0.08405769616365433"
"18","89","89","89","-0.07811671495437622","-0.07811671495437622","-0.07811671495437622"
"19","94","94","94","-0.07053571939468384","-0.07053571939468384","-0.07053571939468384"
"20","99","99","99","0.5","0.5","0.5"
"21","104","104","104","0.03691176325082779","0.03691176325082779","0.03691176325082779"
"22","109","109","109","0.008134921081364155","0.008134921081364155","0.008134921081364155"
"23","114","114","114","0.048076923936605453","0.048076923936605453","0.048076923936605453"
"24","119","119","119","0.01458333432674408","0.01458333432674408","0.01458333432674408"
"25","124","124","124","0.699999988079071","0.699999988079071","0.699999988079071"
"26","129","129","129","0.02732919156551361","0.02732919156551361","0.02732919156551361"
"27","134","134","134","0.4000000059604645","0.4000000059604645","0.4000000059604645"
"28","139","139","139","0.053418971598148346","0.053418971598148346","0.053418971598148346"
"29","144","144","144","0.21071429550647736","0.21071429550647736","0.21071429550647736"
"30","149","149","149","0.03750000149011612","0.03750000149011612","0.03750000149011612"
"31","154","154","154","0.04778846353292465","0.04778846353292465","0.04778846353292465"
"32","159","159","159","0.23000000417232513","0.23000000417232513","0.23000000417232513"
"33","164","164","164","-0.0833333358168602","-0.0833333358168602","-0.0833333358168602"
"34","169","169","169","-0.06359649449586868","-0.06359649449586868","-0.06359649449586868"
"35","174","174","174","0.5","0.5","0.5"
"36","179","179","179","0.5337499976158142","0.5337499976158142","0.5337499976158142"
"37","184","184","184","0","0","0"
"38","189","189","189","0","0","0"
"39","194","194","194","0.056470587849617004","0.056470587849617004","0.056470587849617004"
"40","199","199","199","0.05999999865889549","0.05999999865889549","0.05999999865889549"
"41","204","204","204","0","0","0"
"42","209","209","209","-0.20000000298023224","-0.20000000298023224","-0.20000000298023224"
"43","214","214","214","0.550000011920929","0.550000011920929","0.550000011920929"
"44","219","219","219","0.002884615445509553","0.002884615445509553","0.002884615445509553"
"45","224","224","224","0.20000000298023224","0.20000000298023224","0.20000000298023224"
"46","229","229","229","0.026999998837709427","0.026999998837709427","0.026999998837709427"
"47","234","234","234","0.006818181835114956","0.006818181835114956","0.006818181835114956"
"48","239","239","239","0.029999999329447746","0.029999999329447746","0.029999999329447746"
"49","244","244","244","0.0865478515625","0.0865478515625","0.0865478515625"
"50","249","249","249","0.20000000298023224","0.20000000298023224","0.20000000298023224"
"51","254","254","254","0.0684065967798233","0.0684065967798233","0.0684065967798233"
"52","259","259","259","-0.09285713732242584","-0.09285713732242584","-0.09285713732242584"
"53","264","264","264","0.052941177040338516","0.052941177040338516","0.052941177040338516"
"54","269","269","269","0.5330356955528259","0.5330356955528259","0.5330356955528259"
"55","274","274","274","0.06923077255487442","0.06923077255487442","0.06923077255487442"
"56","279","279","279","0.5136363506317139","0.5136363506317139","0.5136363506317139"
"57","284","284","284","0.012500000186264515","0.012500000186264515","0.012500000186264515"
"58","289","289","289","0.012500000186264515","0.012500000186264515","0.012500000186264515"
"59","294","294","294","0.1164705902338028","0.1164705902338028","0.1164705902338028"
"60","299","299","299","0.02222222276031971","0.02222222276031971","0.02222222276031971"
"61","304","304","304","0.02071428671479225","0.02071428671479225","0.02071428671479225"
"62","309","309","309","0.023235294967889786","0.023235294967889786","0.023235294967889786"
"63","314","314","314","0.20000000298023224","0.20000000298023224","0.20000000298023224"
"64","319","319","319","-0.07692307978868484","-0.07692307978868484","-0.07692307978868484"
"65","324","324","324","0.0350649356842041","0.0350649356842041","0.0350649356842041"
"66","329","329","329","0.06599439680576324","0.06599439680576324","0.06599439680576324"
"67","334","334","334","0.028928572311997414","0.028928572311997414","0.028928572311997414"
"68","339","339","339","0.5137500166893005","0.5137500166893005","0.5137500166893005"
"69","344","344","344","-0.0625","-0.0625","-0.0625"
"70","349","349","349","-0.07115384936332703","-0.07115384936332703","-0.07115384936332703"
"71","354","354","354","0.012000000104308128","0.012000000104308128","0.012000000104308128"
"72","359","359","359","1","1","1"
"73","364","364","364","0.03461538627743721","0.03461538627743721","0.03461538627743721"
"74","369","369","369","0.043013785034418106","0.043013785034418106","0.043013785034418106"
"75","374","374","374","0.23107142746448517","0.23107142746448517","0.23107142746448517"
"76","379","379","379","0.05999999865889549","0.05999999865889549","0.05999999865889549"
"77","384","384","384","0.0864705890417099","0.0864705890417099","0.0864705890417099"
"78","389","389","389","-0.08676470816135406","-0.08676470816135406","-0.08676470816135406"
"79","394","394","394","0.5200892686843872","0.5200892686843872","0.5200892686843872"
"80","399","399","399","0.5","0.5","0.5"
"81","404","404","404","0","0","0"
"82","409","409","409","0.05999999865889549","0.05999999865889549","0.05999999865889549"
"83","414","414","414","0.01770833507180214","0.01770833507180214","0.01770833507180214"
"84","419","419","419","0.02142857201397419","0.02142857201397419","0.02142857201397419"
"85","424","424","424","0.04273809492588043","0.04273809492588043","0.04273809492588043"
"86","429","429","429","0.5299999713897705","0.5299999713897705","0.5299999713897705"
"87","434","434","434","0.012500000186264515","0.012500000186264515","0.012500000186264515"
"88","439","439","439","0.029999999329447746","0.029999999329447746","0.029999999329447746"
"89","444","444","444","0.5339285731315613","0.5339285731315613","0.5339285731315613"
"90","449","449","449","-0.08208556473255157","-0.08208556473255157","-0.08208556473255157"
"91","454","454","454","0.058125000447034836","0.058125000447034836","0.058125000447034836"
"92","459","459","459","0.20000000298023224","0.20000000298023224","0.20000000298023224"
"93","464","464","464","0.24090909957885742","0.24090909957885742","0.24090909957885742"
"94","469","469","469","0","0","0"
"95","474","474","474","-0.08096154034137726","-0.08096154034137726","-0.08096154034137726"
"96","479","479","479","0.0625","0.0625","0.0625"
"97","484","484","484","0.057913534343242645","0.057913534343242645","0.057913534343242645"
"98","489","489","489","0.20000000298023224","0.20000000298023224","0.20000000298023224"
"99","494","494","494","-0.0833333358168602","-0.0833333358168602","-0.0833333358168602"
"100","499","499","499","0","0","0"
"101","504","504","504","0.5333498120307922","0.5333498120307922","0.5333498120307922"
"102","509","509","509","0.25","0.25","0.25"
"103","514","514","514","0.05382518470287323","0.05382518470287323","0.05382518470287323"
"104","519","519","519","0.021321069449186325","0.021321069449186325","0.021321069449186325"
"105","524","524","524","0.518750011920929","0.518750011920929","0.518750011920929"
"106","529","529","529","0.04781249910593033","0.04781249910593033","0.04781249910593033"
"107","534","534","534","-0.08224137872457504","-0.08224137872457504","-0.08224137872457504"
"108","539","539","539","0.2321428656578064","0.2321428656578064","0.2321428656578064"
"109","544","544","544","0.029999999329447746","0.029999999329447746","0.029999999329447746"
"110","549","549","549","0.022252747789025307","0.022252747789025307","0.022252747789025307"
"111","554","554","554","0.05999999865889549","0.05999999865889549","0.05999999865889549"
"112","559","559","559","0.5","0.5","0.5"
"113","564","564","564","0.10285714268684387","0.10285714268684387","0.10285714268684387"
"114","569","569","569","0.02142857201397419","0.02142857201397419","0.02142857201397419"
"115","574","574","574","0.5303283333778381","0.5303283333778381","0.5303283333778381"
"116","579","579","579","0.025765549391508102","0.025765549391508102","0.025765549391508102"
"117","584","584","584","0.03244047611951828","0.03244047611951828","0.03244047611951828"
"118","589","589","589","0.03852774202823639","0.03852774202823639","0.03852774202823639"
"119","594","594","594","0.029999999329447746","0.029999999329447746","0.029999999329447746"
"120","599","599","599","0.21406249701976776","0.21406249701976776","0.21406249701976776"
"121","604","604","604","0","0","0"
"122","609","609","609","0.27927806973457336","0.27927806973457336","0.27927806973457336"
"123","614","614","614","0.05109108239412308","0.05109108239412308","0.05109108239412308"
"124","619","619","619","0.05022059381008148","0.05022059381008148","0.05022059381008148"
"125","624","624","624","0.0248863622546196","0.0248863622546196","0.0248863622546196"
"126","629","629","629","0.04149600490927696","0.04149600490927696","0.04149600490927696"
"127","634","634","634","0.029999999329447746","0.029999999329447746","0.029999999329447746"
"128","639","639","639","0.2316666692495346","0.2316666692495346","0.2316666692495346"
"129","644","644","644","0.20000000298023224","0.20000000298023224","0.20000000298023224"
"130","649","649","649","0.016490312293171883","0.016490312293171883","0.016490312293171883"
"131","654","654","654","0.5","0.5","0.5"
"132","659","659","659","0.04411764815449715","0.04411764815449715","0.04411764815449715"
"133","664","664","664","-0.0942307710647583","-0.0942307710647583","-0.0942307710647583"
"134","669","669","669","0.05999999865889549","0.05999999865889549","0.05999999865889549"
"135","674","674","674","0.5259045958518982","0.5259045958518982","0.5259045958518982"
"136","679","679","679","0.625","0.625","0.625"
"137","684","684","684","0.08999999612569809","0.08999999612569809","0.08999999612569809"
"138","689","689","689","0.03199300542473793","0.03199300542473793","0.03199300542473793"
"139","694","694","694","0.5","0.5","0.5"
"140","699","699","699","0.04377828165888786","0.04377828165888786","0.04377828165888786"
"141","704","704","704","0.029999999329447746","0.029999999329447746","0.029999999329447746"
"142","709","709","709","0.5","0.5","0.5"
"143","714","714","714","0.5272727012634277","0.5272727012634277","0.5272727012634277"
"144","719","719","719","0.04125000163912773","0.04125000163912773","0.04125000163912773"
"145","724","724","724","-0.08923076838254929","-0.08923076838254929","-0.08923076838254929"
"146","729","729","729","0.22647058963775635","0.22647058963775635","0.22647058963775635"
"147","734","734","734","0.05427350848913193","0.05427350848913193","0.05427350848913193"
"148","739","739","739","0.02826923131942749","0.02826923131942749","0.02826923131942749"
"149","744","744","744","0.5564705729484558","0.5564705729484558","0.5564705729484558"
"150","749","749","749","0.058636367321014404","0.058636367321014404","0.058636367321014404"
"151","754","754","754","0.04874999821186066","0.04874999821186066","0.04874999821186066"
"152","759","759","759","0.0731031522154808","0.0731031522154808","0.0731031522154808"
"153","764","764","764","0.022499999031424522","0.022499999031424522","0.022499999031424522"
"154","769","769","769","-0.0949999988079071","-0.0949999988079071","-0.0949999988079071"
"155","774","774","774","0.5","0.5","0.5"
"156","779","779","779","0.20000000298023224","0.20000000298023224","0.20000000298023224"
"157","784","784","784","0.5136363506317139","0.5136363506317139","0.5136363506317139"
"158","789","789","789","0.5149999856948853","0.5149999856948853","0.5149999856948853"
"159","794","794","794","0.25999999046325684","0.25999999046325684","0.25999999046325684"
"160","799","799","799","0.06416666507720947","0.06416666507720947","0.06416666507720947"
"161","804","804","804","0.11015479266643524","0.11015479266643524","0.11015479266643524"
"162","809","809","809","0","0","0"
"163","814","814","814","-0.05865384638309479","-0.05865384638309479","-0.05865384638309479"
"164","819","819","819","0.11416289210319519","0.11416289210319519","0.11416289210319519"
"165","824","824","824","0.5","0.5","0.5"
"166","829","829","829","0.031578946858644485","0.031578946858644485","0.031578946858644485"
"167","834","834","834","0","0","0"
"168","839","839","839","0.5428571701049805","0.5428571701049805","0.5428571701049805"
"169","844","844","844","0.08933035284280777","0.08933035284280777","0.08933035284280777"
"170","849","849","849","0.5088235139846802","0.5088235139846802","0.5088235139846802"
"171","854","854","854","-0.05714285746216774","-0.05714285746216774","-0.05714285746216774"
"172","859","859","859","0.028695326298475266","0.028695326298475266","0.028695326298475266"
"173","864","864","864","0.503947377204895","0.503947377204895","0.503947377204895"
"174","869","869","869","0.5146616697311401","0.5146616697311401","0.5146616697311401"
"175","874","874","874","0.5337499976158142","0.5337499976158142","0.5337499976158142"
"176","879","879","879","0.699999988079071","0.699999988079071","0.699999988079071"
"177","884","884","884","0.0055555556900799274","0.0055555556900799274","0.0055555556900799274"
"178","889","889","889","0","0","0"
"179","894","894","894","0.5581250190734863","0.5581250190734863","0.5581250190734863"
"180","899","899","899","0.027731645852327347","0.027731645852327347","0.027731645852327347"
"181","904","904","904","0.22812500596046448","0.22812500596046448","0.22812500596046448"
"182","909","909","909","0.23027950525283813","0.23027950525283813","0.23027950525283813"
"183","914","914","914","0.5149999856948853","0.5149999856948853","0.5149999856948853"
"184","919","919","919","0.5259045958518982","0.5259045958518982","0.5259045958518982"
"185","924","924","924","0.02142857201397419","0.02142857201397419","0.02142857201397419"
"186","929","929","929","0.5115384459495544","0.5115384459495544","0.5115384459495544"
"187","934","934","934","-0.07000000029802322","-0.07000000029802322","-0.07000000029802322"
"188","939","939","939","0.031339287757873535","0.031339287757873535","0.031339287757873535"
"189","944","944","944","0.699999988079071","0.699999988079071","0.699999988079071"
"190","949","949","949","-0.20000000298023224","-0.20000000298023224","-0.20000000298023224"
"191","954","954","954","0.03920454531908035","0.03920454531908035","0.03920454531908035"
"192","959","959","959","0.07455882430076599","0.07455882430076599","0.07455882430076599"
"193","964","964","964","-0.10000000149011612","-0.10000000149011612","-0.10000000149011612"
"194","969","969","969","-0.05714285746216774","-0.05714285746216774","-0.05714285746216774"
"195","974","974","974","0.027609892189502716","0.027609892189502716","0.027609892189502716"
"196","979","979","979","-0.08250000327825546","-0.08250000327825546","-0.08250000327825546"
"197","984","984","984","0.5564705729484558","0.5564705729484558","0.5564705729484558"
"198","989","989","989","0.012500000186264515","0.012500000186264515","0.012500000186264515"
"199","994","994","994","0.21696428954601288","0.21696428954601288","0.21696428954601288"
"200","999","999","999","0.5","0.5","0.5"
"201","1004","1004","1004","0.04821428656578064","0.04821428656578064","0.04821428656578064"
"202","1009","1009","1009","0.20000000298023224","0.20000000298023224","0.20000000298023224"
"203","1014","1014","1014","0.029999999329447746","0.029999999329447746","0.029999999329447746"
"204","1019","1019","1019","0.23000000417232513","0.23000000417232513","0.23000000417232513"
"205","1024","1024","1024","0.03461538627743721","0.03461538627743721","0.03461538627743721"
"206","1029","1029","1029","-0.07115384936332703","-0.07115384936332703","-0.07115384936332703"
"207","1034","1034","1034","0.06672078371047974","0.06672078371047974","0.06672078371047974"
"208","1039","1039","1039","0.5","0.5","0.5"
"209","1044","1044","1044","0.011111111380159855","0.011111111380159855","0.011111111380159855"
"210","1049","1049","1049","0.021704785525798798","0.021704785525798798","0.021704785525798798"
"211","1054","1054","1054","0.029999999329447746","0.029999999329447746","0.029999999329447746"
"212","1059","1059","1059","0.04729390889406204","0.04729390889406204","0.04729390889406204"
"213","1064","1064","1064","0.5222527384757996","0.5222527384757996","0.5222527384757996"
"214","1069","1069","1069","0.029999999329447746","0.029999999329447746","0.029999999329447746"
"215","1074","1074","1074","0","0","0"
"216","1079","1079","1079","0.04266483336687088","0.04266483336687088","0.04266483336687088"
"217","1084","1084","1084","-0.23798076808452606","-0.23798076808452606","-0.23798076808452606"
"218","1089","1089","1089","-0.05384615436196327","-0.05384615436196327","-0.05384615436196327"
"219","1094","1094","1094","0.014999999664723873","0.014999999664723873","0.014999999664723873"
"220","1099","1099","1099","0.025174826383590698","0.025174826383590698","0.025174826383590698"
"221","1104","1104","1104","-0.21375000476837158","-0.21375000476837158","-0.21375000476837158"
"222","1109","1109","1109","0.04843749850988388","0.04843749850988388","0.04843749850988388"
"223","1114","1114","1114","0.007894736714661121","0.007894736714661121","0.007894736714661121"
"224","1119","1119","1119","0.5204545259475708","0.5204545259475708","0.5204545259475708"
"225","1124","1124","1124","0.5051724314689636","0.5051724314689636","0.5051724314689636"
"226","1129","1129","1129","0.03750000149011612","0.03750000149011612","0.03750000149011612"
"227","1134","1134","1134","0.012500000186264515","0.012500000186264515","0.012500000186264515"
"228","1139","1139","1139","0","0","0"
"229","1144","1144","1144","-0.10000000149011612","-0.10000000149011612","-0.10000000149011612"
"230","1149","1149","1149","0.014999999664723873","0.014999999664723873","0.014999999664723873"
"231","1154","1154","1154","0.042307693511247635","0.042307693511247635","0.042307693511247635"
"232","1159","1159","1159","-0.09570024907588959","-0.09570024907588959","-0.09570024907588959"
"233","1164","1164","1164","0.5149999856948853","0.5149999856948853","0.5149999856948853"
"234","1169","1169","1169","0.02263636328279972","0.02263636328279972","0.02263636328279972"
"235","1174","1174","1174","0.026538461446762085","0.026538461446762085","0.026538461446762085"
"236","1179","1179","1179","0.038333334028720856","0.038333334028720856","0.038333334028720856"
"237","1184","1184","1184","-0.07053571939468384","-0.07053571939468384","-0.07053571939468384"
"238","1189","1189","1189","0.03441176563501358","0.03441176563501358","0.03441176563501358"
"239","1194","1194","1194","0.4000000059604645","0.4000000059604645","0.4000000059604645"
"240","1199","1199","1199","0.04124999791383743","0.04124999791383743","0.04124999791383743"
"241","1204","1204","1204","0.20000000298023224","0.20000000298023224","0.20000000298023224"
"242","1209","1209","1209","0.02664991095662117","0.02664991095662117","0.02664991095662117"
"243","1214","1214","1214","0.03464285656809807","0.03464285656809807","0.03464285656809807"
"244","1219","1219","1219","0.5","0.5","0.5"
"245","1224","1224","1224","0.07789918780326843","0.07789918780326843","0.07789918780326843"
"246","1229","1229","1229","0.5","0.5","0.5"
"247","1234","1234","1234","0.08453063666820526","0.08453063666820526","0.08453063666820526"
"248","1239","1239","1239","0.008333333767950535","0.008333333767950535","0.008333333767950535"
"249","1244","1244","1244","0.04261133819818497","0.04261133819818497","0.04261133819818497"
"250","1249","1249","1249","0.06190476194024086","0.06190476194024086","0.06190476194024086"
"251","1254","1254","1254","-0.125","-0.125","-0.125"
"252","1259","1259","1259","0.030625000596046448","0.030625000596046448","0.030625000596046448"
"253","1264","1264","1264","-0.3499999940395355","-0.3499999940395355","-0.3499999940395355"
"254","1269","1269","1269","0","0","0"
"255","1274","1274","1274","0.023076923564076424","0.023076923564076424","0.023076923564076424"
"256","1279","1279","1279","0.06441176682710648","0.06441176682710648","0.06441176682710648"
"257","1284","1284","1284","0.21112637221813202","0.21112637221813202","0.21112637221813202"
"258","1289","1289","1289","0.021151477470993996","0.021151477470993996","0.021151477470993996"
"259","1294","1294","1294","-0.23571428656578064","-0.23571428656578064","-0.23571428656578064"
"260","1299","1299","1299","0.08222222328186035","0.08222222328186035","0.08222222328186035"
"261","1304","1304","1304","0.23750001192092896","0.23750001192092896","0.23750001192092896"
"262","1309","1309","1309","0.056436337530612946","0.056436337530612946","0.056436337530612946"
"263","1314","1314","1314","0.01875000074505806","0.01875000074505806","0.01875000074505806"
"264","1319","1319","1319","0.05999999865889549","0.05999999865889549","0.05999999865889549"
"265","1324","1324","1324","0.5120918154716492","0.5120918154716492","0.5120918154716492"
"266","1329","1329","1329","1","1","1"
"267","1334","1334","1334","0.02137778326869011","0.02137778326869011","0.02137778326869011"
"268","1339","1339","1339","0.05192460119724274","0.05192460119724274","0.05192460119724274"
"269","1344","1344","1344","0.015789473429322243","0.015789473429322243","0.015789473429322243"
"270","1349","1349","1349","0.5600000023841858","0.5600000023841858","0.5600000023841858"
"271","1354","1354","1354","0.5321428775787354","0.5321428775787354","0.5321428775787354"
"272","1359","1359","1359","0.05999999865889549","0.05999999865889549","0.05999999865889549"
"273","1364","1364","1364","0.02767857164144516","0.02767857164144516","0.02767857164144516"
"274","1369","1369","1369","0.06499999761581421","0.06499999761581421","0.06499999761581421"
"275","1374","1374","1374","0.0037499999161809683","0.0037499999161809683","0.0037499999161809683"
"276","1379","1379","1379","0.0653548538684845","0.0653548538684845","0.0653548538684845"
"277","1384","1384","1384","0.03166666626930237","0.03166666626930237","0.03166666626930237"
"278","1389","1389","1389","0.03214285895228386","0.03214285895228386","0.03214285895228386"
"279","1394","1394","1394","0.08184065669775009","0.08184065669775009","0.08184065669775009"
"280","1399","1399","1399","0.06220394745469093","0.06220394745469093","0.06220394745469093"
"281","1404","1404","1404","0.5224999785423279","0.5224999785423279","0.5224999785423279"
"282","1409","1409","1409","0.07854166626930237","0.07854166626930237","0.07854166626930237"
"283","1414","1414","1414","0.03976890817284584","0.03976890817284584","0.03976890817284584"
"284","1419","1419","1419","0.4000000059604645","0.4000000059604645","0.4000000059604645"
"285","1424","1424","1424","0.06581196933984756","0.06581196933984756","0.06581196933984756"
"286","1429","1429","1429","0.014999999664723873","0.014999999664723873","0.014999999664723873"
"287","1434","1434","1434","-0.08485577255487442","-0.08485577255487442","-0.08485577255487442"
"288","1439","1439","1439","0.23337912559509277","0.23337912559509277","0.23337912559509277"
"289","1444","1444","1444","0.04858695715665817","0.04858695715665817","0.04858695715665817"
"290","1449","1449","1449","0.03807692229747772","0.03807692229747772","0.03807692229747772"
"291","1454","1454","1454","0.5","0.5","0.5"
"292","1459","1459","1459","0.5299999713897705","0.5299999713897705","0.5299999713897705"
"293","1464","1464","1464","0","0","0"
"294","1469","1469","1469","0.043392859399318695","0.043392859399318695","0.043392859399318695"
"295","1474","1474","1474","-0.10000000149011612","-0.10000000149011612","-0.10000000149011612"
"296","1479","1479","1479","0.03807692229747772","0.03807692229747772","0.03807692229747772"
"297","1484","1484","1484","0.699999988079071","0.699999988079071","0.699999988079071"
"298","1489","1489","1489","0.20000000298023224","0.20000000298023224","0.20000000298023224"
"299","1494","1494","1494","0.020454544574022293","0.020454544574022293","0.020454544574022293"
"300","1499","1499","1499","0.03466666489839554","0.03466666489839554","0.03466666489839554"
"301","1504","1504","1504","0.06381578743457794","0.06381578743457794","0.06381578743457794"
"302","1509","1509","1509","0.060576923191547394","0.060576923191547394","0.060576923191547394"
"303","1514","1514","1514","0.05812499672174454","0.05812499672174454","0.05812499672174454"
"304","1519","1519","1519","0.699999988079071","0.699999988079071","0.699999988079071"
"305","1524","1524","1524","0.034687500447034836","0.034687500447034836","0.034687500447034836"
"306","1529","1529","1529","0.013894736766815186","0.013894736766815186","0.013894736766815186"
"307","1534","1534","1534","0.30013158917427063","0.30013158917427063","0.30013158917427063"
"308","1539","1539","1539","0.014999999664723873","0.014999999664723873","0.014999999664723873"
"309","1544","1544","1544","0.08321428298950195","0.08321428298950195","0.08321428298950195"
"310","1549","1549","1549","0.20000000298023224","0.20000000298023224","0.20000000298023224"
"311","1554","1554","1554","0.02142857201397419","0.02142857201397419","0.02142857201397419"
"312","1559","1559","1559","-0.07115384936332703","-0.07115384936332703","-0.07115384936332703"
"313","1564","1564","1564","-0.07352941483259201","-0.07352941483259201","-0.07352941483259201"
"314","1569","1569","1569","0.25","0.25","0.25"
"315","1574","1574","1574","0.044999998062849045","0.044999998062849045","0.044999998062849045"
"316","1579","1579","1579","0.07578947395086288","0.07578947395086288","0.07578947395086288"
"317","1584","1584","1584","0.02142857201397419","0.02142857201397419","0.02142857201397419"
"318","1589","1589","1589","0.02142857201397419","0.02142857201397419","0.02142857201397419"
"319","1594","1594","1594","0.5190045237541199","0.5190045237541199","0.5190045237541199"
"320","1599","1599","1599","0.0762162134051323","0.0762162134051323","0.0762162134051323"
"321","1604","1604","1604","-0.07000000029802322","-0.07000000029802322","-0.07000000029802322"
"322","1609","1609","1609","0.026250001043081284","0.026250001043081284","0.026250001043081284"
"323","1614","1614","1614","-0.0773809552192688","-0.0773809552192688","-0.0773809552192688"
"324","1619","1619","1619","0.051428571343421936","0.051428571343421936","0.051428571343421936"
"325","1624","1624","1624","0.24406249821186066","0.24406249821186066","0.24406249821186066"
"326","1629","1629","1629","-0.07500000298023224","-0.07500000298023224","-0.07500000298023224"
"327","1634","1634","1634","0.5299999713897705","0.5299999713897705","0.5299999713897705"
"328","1639","1639","1639","0.040909089148044586","0.040909089148044586","0.040909089148044586"
"329","1644","1644","1644","0.046875","0.046875","0.046875"
"330","1649","1649","1649","0.4000000059604645","0.4000000059604645","0.4000000059604645"
"331","1654","1654","1654","0.02812499925494194","0.02812499925494194","0.02812499925494194"
"332","1659","1659","1659","0.5","0.5","0.5"
"333","1664","1664","1664","0.030700549483299255","0.030700549483299255","0.030700549483299255"
"334","1669","1669","1669","0.5","0.5","0.5"
"335","1674","1674","1674","0.08435064554214478","0.08435064554214478","0.08435064554214478"
"336","1679","1679","1679","-0.20000000298023224","-0.20000000298023224","-0.20000000298023224"
"337","1684","1684","1684","0.20000000298023224","0.20000000298023224","0.20000000298023224"
"338","1689","1689","1689","-0.09531249850988388","-0.09531249850988388","-0.09531249850988388"
"339","1694","1694","1694","0.02071428671479225","0.02071428671479225","0.02071428671479225"
"340","1699","1699","1699","0.04285714402794838","0.04285714402794838","0.04285714402794838"
"341","1704","1704","1704","0.029999999329447746","0.029999999329447746","0.029999999329447746"
"342","1709","1709","1709","0.5074999928474426","0.5074999928474426","0.5074999928474426"
"343","1714","1714","1714","0.06716768443584442","0.06716768443584442","0.06716768443584442"
"344","1719","1719","1719","0.04312499985098839","0.04312499985098839","0.04312499985098839"
"345","1724","1724","1724","0.052941177040338516","0.052941177040338516","0.052941177040338516"
"346","1729","1729","1729","0.07431818544864655","0.07431818544864655","0.07431818544864655"
"347","1734","1734","1734","0.20000000298023224","0.20000000298023224","0.20000000298023224"
"348","1739","1739","1739","0.5299999713897705","0.5299999713897705","0.5299999713897705"
"349","1744","1744","1744","0.0313446968793869","0.0313446968793869","0.0313446968793869"
"350","1749","1749","1749","0.008823529817163944","0.008823529817163944","0.008823529817163944"
"351","1754","1754","1754","0.004687500186264515","0.004687500186264515","0.004687500186264515"
"352","1759","1759","1759","0.06357143074274063","0.06357143074274063","0.06357143074274063"
"353","1764","1764","1764","-0.04000000283122063","-0.04000000283122063","-0.04000000283122063"
"354","1769","1769","1769","0.5375000238418579","0.5375000238418579","0.5375000238418579"
"355","1774","1774","1774","0.0711774155497551","0.0711774155497551","0.0711774155497551"
"356","1779","1779","1779","0.5299999713897705","0.5299999713897705","0.5299999713897705"
"357","1784","1784","1784","0.02500000037252903","0.02500000037252903","0.02500000037252903"
"358","1789","1789","1789","0","0","0"
"359","1794","1794","1794","0.02477678656578064","0.02477678656578064","0.02477678656578064"
"360","1799","1799","1799","0.023076923564076424","0.023076923564076424","0.023076923564076424"
"361","1804","1804","1804","0.03461538627743721","0.03461538627743721","0.03461538627743721"
"362","1809","1809","1809","0.06141941249370575","0.06141941249370575","0.06141941249370575"
"363","1814","1814","1814","0.012672413140535355","0.012672413140535355","0.012672413140535355"
"364","1819","1819","1819","-0.20000000298023224","-0.20000000298023224","-0.20000000298023224"
"365","1824","1824","1824","0.050343409180641174","0.050343409180641174","0.050343409180641174"
"366","1829","1829","1829","0.03461538627743721","0.03461538627743721","0.03461538627743721"
"367","1834","1834","1834","-0.22053571045398712","-0.22053571045398712","-0.22053571045398712"
"368","1839","1839","1839","0.011229947209358215","0.011229947209358215","0.011229947209358215"
"369","1844","1844","1844","0.07712912559509277","0.07712912559509277","0.07712912559509277"
"370","1849","1849","1849","0.07499999552965164","0.07499999552965164","0.07499999552965164"
"371","1854","1854","1854","0.039000000804662704","0.039000000804662704","0.039000000804662704"
"372","1859","1859","1859","0.0628846138715744","0.0628846138715744","0.0628846138715744"
"373","1864","1864","1864","0.11999999731779099","0.11999999731779099","0.11999999731779099"
"374","1869","1869","1869","0.05999999865889549","0.05999999865889549","0.05999999865889549"
"375","1874","1874","1874","0.23000000417232513","0.23000000417232513","0.23000000417232513"
"376","1879","1879","1879","0.5","0.5","0.5"
"377","1884","1884","1884","0.517307698726654","0.517307698726654","0.517307698726654"
"378","1889","1889","1889","0.04363636299967766","0.04363636299967766","0.04363636299967766"
"379","1894","1894","1894","0.030086206272244453","0.030086206272244453","0.030086206272244453"
"380","1899","1899","1899","-0.22812500596046448","-0.22812500596046448","-0.22812500596046448"
"381","1904","1904","1904","0","0","0"
"382","1909","1909","1909","0.035769231617450714","0.035769231617450714","0.035769231617450714"
"383","1914","1914","1914","0.5299999713897705","0.5299999713897705","0.5299999713897705"
"384","1919","1919","1919","0.5203571319580078","0.5203571319580078","0.5203571319580078"
"385","1924","1924","1924","-0.1899999976158142","-0.1899999976158142","-0.1899999976158142"
"386","1929","1929","1929","0.07149533927440643","0.07149533927440643","0.07149533927440643"
"387","1934","1934","1934","0.03642857074737549","0.03642857074737549","0.03642857074737549"
"388","1939","1939","1939","0.03845394775271416","0.03845394775271416","0.03845394775271416"
"389","1944","1944","1944","0.5264706015586853","0.5264706015586853","0.5264706015586853"
"390","1949","1949","1949","0.0535714328289032","0.0535714328289032","0.0535714328289032"
"391","1954","1954","1954","0.5136363506317139","0.5136363506317139","0.5136363506317139"
"392","1959","1959","1959","0.21250000596046448","0.21250000596046448","0.21250000596046448"
"393","1964","1964","1964","0.23000000417232513","0.23000000417232513","0.23000000417232513"
"394","1969","1969","1969","0.04038461670279503","0.04038461670279503","0.04038461670279503"
"395","1974","1974","1974","0.0416666679084301","0.0416666679084301","0.0416666679084301"
"396","1979","1979","1979","0.056470587849617004","0.056470587849617004","0.056470587849617004"
"397","1984","1984","1984","0","0","0"
"398","1989","1989","1989","0.03727375715970993","0.03727375715970993","0.03727375715970993"
"399","1994","1994","1994","0.10316438972949982","0.10316438972949982","0.10316438972949982"
"400","1999","1999","1999","-0.07000000029802322","-0.07000000029802322","-0.07000000029802322"
"401","2004","2004","2004","-0.10000000149011612","-0.10000000149011612","-0.10000000149011612"
"402","2009","2009","2009","0.01875000074505806","0.01875000074505806","0.01875000074505806"
"403","2014","2014","2014","0.06753146648406982","0.06753146648406982","0.06753146648406982"
"404","2019","2019","2019","0.5448660850524902","0.5448660850524902","0.5448660850524902"
"405","2024","2024","2024","-0.10000000149011612","-0.10000000149011612","-0.10000000149011612"
"406","2029","2029","2029","0.05999999865889549","0.05999999865889549","0.05999999865889549"
"407","2034","2034","2034","0.22106558084487915","0.22106558084487915","0.22106558084487915"
"408","2039","2039","2039","0.5421071648597717","0.5421071648597717","0.5421071648597717"
"409","2044","2044","2044","0.557692289352417","0.557692289352417","0.557692289352417"
"410","2049","2049","2049","0.029999999329447746","0.029999999329447746","0.029999999329447746"
"411","2054","2054","2054","0.03214285895228386","0.03214285895228386","0.03214285895228386"
"412","2059","2059","2059","0.029999999329447746","0.029999999329447746","0.029999999329447746"
"413","2064","2064","2064","0.06499999761581421","0.06499999761581421","0.06499999761581421"
"414","2069","2069","2069","0.0297619067132473","0.0297619067132473","0.0297619067132473"
"415","2074","2074","2074","0.0535714291036129","0.0535714291036129","0.0535714291036129"
"416","2079","2079","2079","0.007499999832361937","0.007499999832361937","0.007499999832361937"
"417","2084","2084","2084","0.5280435085296631","0.5280435085296631","0.5280435085296631"
"418","2089","2089","2089","0.02656250074505806","0.02656250074505806","0.02656250074505806"
"419","2094","2094","2094","0","0","0"
"420","2099","2099","2099","0.5","0.5","0.5"
"421","2104","2104","2104","0","0","0"
"422","2109","2109","2109","0.005769230891019106","0.005769230891019106","0.005769230891019106"
"423","2114","2114","2114","0.07756521552801132","0.07756521552801132","0.07756521552801132"
"424","2119","2119","2119","0","0","0"
"425","2124","2124","2124","0.050089288502931595","0.050089288502931595","0.050089288502931595"
"426","2129","2129","2129","-0.2261904776096344","-0.2261904776096344","-0.2261904776096344"
"427","2134","2134","2134","-0.20000000298023224","-0.20000000298023224","-0.20000000298023224"
"428","2139","2139","2139","0.07644231617450714","0.07644231617450714","0.07644231617450714"
"429","2144","2144","2144","0.20937500894069672","0.20937500894069672","0.20937500894069672"
"430","2149","2149","2149","0.23461538553237915","0.23461538553237915","0.23461538553237915"
"431","2154","2154","2154","0.015696465969085693","0.015696465969085693","0.015696465969085693"
"432","2159","2159","2159","0.20000000298023224","0.20000000298023224","0.20000000298023224"
"433","2164","2164","2164","0.036057695746421814","0.036057695746421814","0.036057695746421814"
"434","2169","2169","2169","0.031071428209543228","0.031071428209543228","0.031071428209543228"
"435","2174","2174","2174","0.22266483306884766","0.22266483306884766","0.22266483306884766"
"436","2179","2179","2179","0.049047619104385376","0.049047619104385376","0.049047619104385376"
"437","2184","2184","2184","0.08999999612569809","0.08999999612569809","0.08999999612569809"
"438","2189","2189","2189","0.07725806534290314","0.07725806534290314","0.07725806534290314"
"439","2194","2194","2194","0.21250000596046448","0.21250000596046448","0.21250000596046448"
"440","2199","2199","2199","-0.2389705926179886","-0.2389705926179886","-0.2389705926179886"
"441","2204","2204","2204","0.037320576608181","0.037320576608181","0.037320576608181"
"442","2209","2209","2209","0.514102578163147","0.514102578163147","0.514102578163147"
"443","2214","2214","2214","0.08086922764778137","0.08086922764778137","0.08086922764778137"
"444","2219","2219","2219","0.039374999701976776","0.039374999701976776","0.039374999701976776"
"445","2224","2224","2224","-0.05982142686843872","-0.05982142686843872","-0.05982142686843872"
"446","2229","2229","2229","0.04931817948818207","0.04931817948818207","0.04931817948818207"
"447","2234","2234","2234","0.25","0.25","0.25"
"448","2239","2239","2239","0.03461538627743721","0.03461538627743721","0.03461538627743721"
"449","2244","2244","2244","0.07499999552965164","0.07499999552965164","0.07499999552965164"
"450","2249","2249","2249","0.05999999865889549","0.05999999865889549","0.05999999865889549"
"451","2254","2254","2254","0.06428571045398712","0.06428571045398712","0.06428571045398712"
"452","2259","2259","2259","0.23461538553237915","0.23461538553237915","0.23461538553237915"
"453","2264","2264","2264","0.5149999856948853","0.5149999856948853","0.5149999856948853"
"454","2269","2269","2269","0.04331670328974724","0.04331670328974724","0.04331670328974724"
"455","2274","2274","2274","0.5556318759918213","0.5556318759918213","0.5556318759918213"
"456","2279","2279","2279","0.23115941882133484","0.23115941882133484","0.23115941882133484"
"457","2284","2284","2284","0.044999998062849045","0.044999998062849045","0.044999998062849045"
"458","2289","2289","2289","0","0","0"
"459","2294","2294","2294","-0.08846154063940048","-0.08846154063940048","-0.08846154063940048"
"460","2299","2299","2299","0.03379121050238609","0.03379121050238609","0.03379121050238609"
"461","2304","2304","2304","0.20681817829608917","0.20681817829608917","0.20681817829608917"
"462","2309","2309","2309","-0.125","-0.125","-0.125"
"463","2314","2314","2314","-0.04642857238650322","-0.04642857238650322","-0.04642857238650322"
"464","2319","2319","2319","0.08589642494916916","0.08589642494916916","0.08589642494916916"
"465","2324","2324","2324","0.03337320685386658","0.03337320685386658","0.03337320685386658"
"466","2329","2329","2329","0.026470588520169258","0.026470588520169258","0.026470588520169258"
"467","2334","2334","2334","0.047857142984867096","0.047857142984867096","0.047857142984867096"
"468","2339","2339","2339","0.04196428507566452","0.04196428507566452","0.04196428507566452"
"469","2344","2344","2344","-0.042307693511247635","-0.042307693511247635","-0.042307693511247635"
"470","2349","2349","2349","-0.2199999988079071","-0.2199999988079071","-0.2199999988079071"
"471","2354","2354","2354","0.027733739465475082","0.027733739465475082","0.027733739465475082"
"472","2359","2359","2359","0.5212500095367432","0.5212500095367432","0.5212500095367432"
"473","2364","2364","2364","0.029999999329447746","0.029999999329447746","0.029999999329447746"
"474","2369","2369","2369","0.0130681823939085","0.0130681823939085","0.0130681823939085"
"475","2374","2374","2374","-0.0470588244497776","-0.0470588244497776","-0.0470588244497776"
"476","2379","2379","2379","-0.043529413640499115","-0.043529413640499115","-0.043529413640499115"
"477","2384","2384","2384","0.5299999713897705","0.5299999713897705","0.5299999713897705"
"478","2389","2389","2389","0","0","0"
"479","2394","2394","2394","0.05983581766486168","0.05983581766486168","0.05983581766486168"
"480","2399","2399","2399","0.039402298629283905","0.039402298629283905","0.039402298629283905"
"481","2404","2404","2404","0.08307692408561707","0.08307692408561707","0.08307692408561707"
"482","2409","2409","2409","0.010714286006987095","0.010714286006987095","0.010714286006987095"
"483","2414","2414","2414","0","0","0"
"484","2419","2419","2419","0.05999999865889549","0.05999999865889549","0.05999999865889549"
"485","2424","2424","2424","0.1468406617641449","0.1468406617641449","0.1468406617641449"
"486","2429","2429","2429","0.04196428507566452","0.04196428507566452","0.04196428507566452"
"487","2434","2434","2434","0.06088392809033394","0.06088392809033394","0.06088392809033394"
"488","2439","2439","2439","0.030714284628629684","0.030714284628629684","0.030714284628629684"
"489","2444","2444","2444","0.11999999731779099","0.11999999731779099","0.11999999731779099"
"490","2449","2449","2449","0.01875000074505806","0.01875000074505806","0.01875000074505806"
"491","2454","2454","2454","0.005769230891019106","0.005769230891019106","0.005769230891019106"
"492","2459","2459","2459","0.5202049016952515","0.5202049016952515","0.5202049016952515"
"493","2464","2464","2464","0.5346153974533081","0.5346153974533081","0.5346153974533081"
"494","2469","2469","2469","-0.05714285746216774","-0.05714285746216774","-0.05714285746216774"
"495","2474","2474","2474","0.0864705890417099","0.0864705890417099","0.0864705890417099"
"496","2479","2479","2479","0.03529411926865578","0.03529411926865578","0.03529411926865578"
"497","2484","2484","2484","0.2130681872367859","0.2130681872367859","0.2130681872367859"
"498","2489","2489","2489","-0.07267080992460251","-0.07267080992460251","-0.07267080992460251"
"499","2494","2494","2494","0.03935065120458603","0.03935065120458603","0.03935065120458603"
"500","2499","2499","2499","0.057692307978868484","0.057692307978868484","0.057692307978868484"
"501","2504","2504","2504","0.04285714402794838","0.04285714402794838","0.04285714402794838"
"502","2509","2509","2509","0","0","0"
"503","2514","2514","2514","0.055749427527189255","0.055749427527189255","0.055749427527189255"
"504","2519","2519","2519","0.03354166820645332","0.03354166820645332","0.03354166820645332"
"505","2524","2524","2524","0.023076923564076424","0.023076923564076424","0.023076923564076424"
"506","2529","2529","2529","0","0","0"
"507","2534","2534","2534","0.0864705890417099","0.0864705890417099","0.0864705890417099"
"508","2539","2539","2539","0.04080882668495178","0.04080882668495178","0.04080882668495178"
"509","2544","2544","2544","0.051397062838077545","0.051397062838077545","0.051397062838077545"
"510","2549","2549","2549","0.20000000298023224","0.20000000298023224","0.20000000298023224"
"511","2554","2554","2554","0.057692307978868484","0.057692307978868484","0.057692307978868484"
"512","2559","2559","2559","0.5218406319618225","0.5218406319618225","0.5218406319618225"
"513","2564","2564","2564","0.023076923564076424","0.023076923564076424","0.023076923564076424"
"514","2569","2569","2569","0.04591013863682747","0.04591013863682747","0.04591013863682747"
"515","2574","2574","2574","-0.08016826957464218","-0.08016826957464218","-0.08016826957464218"
"516","2579","2579","2579","0.25368422269821167","0.25368422269821167","0.25368422269821167"
"517","2584","2584","2584","0.04756493866443634","0.04756493866443634","0.04756493866443634"
"518","2589","2589","2589","0.04062499850988388","0.04062499850988388","0.04062499850988388"
"519","2594","2594","2594","-0.06000000238418579","-0.06000000238418579","-0.06000000238418579"
"520","2599","2599","2599","0.08999999612569809","0.08999999612569809","0.08999999612569809"
"521","2604","2604","2604","0.05999999865889549","0.05999999865889549","0.05999999865889549"
"522","2609","2609","2609","0.5119117498397827","0.5119117498397827","0.5119117498397827"
"523","2614","2614","2614","0.05999999865889549","0.05999999865889549","0.05999999865889549"
"524","2619","2619","2619","-0.2029411792755127","-0.2029411792755127","-0.2029411792755127"
"525","2624","2624","2624","0.5185990333557129","0.5185990333557129","0.5185990333557129"
"526","2629","2629","2629","0.5","0.5","0.5"
"527","2634","2634","2634","0.05760989338159561","0.05760989338159561","0.05760989338159561"
"528","2639","2639","2639","0.5","0.5","0.5"
"529","2644","2644","2644","-0.0942307710647583","-0.0942307710647583","-0.0942307710647583"
"530","2649","2649","2649","0.06625000387430191","0.06625000387430191","0.06625000387430191"
"531","2654","2654","2654","0.0357569195330143","0.0357569195330143","0.0357569195330143"
"532","2659","2659","2659","-0.10000000149011612","-0.10000000149011612","-0.10000000149011612"
"533","2664","2664","2664","0.02222222276031971","0.02222222276031971","0.02222222276031971"
"534","2669","2669","2669","0.5299999713897705","0.5299999713897705","0.5299999713897705"
"535","2674","2674","2674","0.5600000023841858","0.5600000023841858","0.5600000023841858"
"536","2679","2679","2679","-0.06785714626312256","-0.06785714626312256","-0.06785714626312256"
"537","2684","2684","2684","0.01764705963432789","0.01764705963432789","0.01764705963432789"
"538","2689","2689","2689","0.04802807420492172","0.04802807420492172","0.04802807420492172"
"539","2694","2694","2694","0.02991071343421936","0.02991071343421936","0.02991071343421936"
"540","2699","2699","2699","0.07500000298023224","0.07500000298023224","0.07500000298023224"
"541","2704","2704","2704","0.07465909421443939","0.07465909421443939","0.07465909421443939"
"542","2709","2709","2709","0.699999988079071","0.699999988079071","0.699999988079071"
"543","2714","2714","2714","0.20000000298023224","0.20000000298023224","0.20000000298023224"
"544","2719","2719","2719","-0.04611842334270477","-0.04611842334270477","-0.04611842334270477"
"545","2724","2724","2724","0.05427440255880356","0.05427440255880356","0.05427440255880356"
"546","2729","2729","2729","0.5","0.5","0.5"
"547","2734","2734","2734","0.5107142925262451","0.5107142925262451","0.5107142925262451"
"548","2739","2739","2739","-0.042307693511247635","-0.042307693511247635","-0.042307693511247635"
"549","2744","2744","2744","0","0","0"
"550","2749","2749","2749","-0.10000000149011612","-0.10000000149011612","-0.10000000149011612"
"551","2754","2754","2754","-0.1899999976158142","-0.1899999976158142","-0.1899999976158142"
"552","2759","2759","2759","0.5257142782211304","0.5257142782211304","0.5257142782211304"
"553","2764","2764","2764","0.05999999865889549","0.05999999865889549","0.05999999865889549"
"554","2769","2769","2769","0.5","0.5","0.5"
"555","2774","2774","2774","0.01666666753590107","0.01666666753590107","0.01666666753590107"
"556","2779","2779","2779","0.25999999046325684","0.25999999046325684","0.25999999046325684"
"557","2784","2784","2784","0.29295453429222107","0.29295453429222107","0.29295453429222107"
"558","2789","2789","2789","0.10323528945446014","0.10323528945446014","0.10323528945446014"
"559","2794","2794","2794","0","0","0"
"560","2799","2799","2799","0.08264957368373871","0.08264957368373871","0.08264957368373871"
"561","2804","2804","2804","0.06750000268220901","0.06750000268220901","0.06750000268220901"
"562","2809","2809","2809","0.03750000149011612","0.03750000149011612","0.03750000149011612"
"563","2814","2814","2814","0.4000000059604645","0.4000000059604645","0.4000000059604645"
"564","2819","2819","2819","0.10230769217014313","0.10230769217014313","0.10230769217014313"
"565","2824","2824","2824","0.5461841821670532","0.5461841821670532","0.5461841821670532"
"566","2829","2829","2829","0.017922794446349144","0.017922794446349144","0.017922794446349144"
"567","2834","2834","2834","0.09910714626312256","0.09910714626312256","0.09910714626312256"
"568","2839","2839","2839","0.02142857201397419","0.02142857201397419","0.02142857201397419"
"569","2844","2844","2844","-0.3499999940395355","-0.3499999940395355","-0.3499999940395355"
"570","2849","2849","2849","0.5600000023841858","0.5600000023841858","0.5600000023841858"
"571","2854","2854","2854","0.0858936607837677","0.0858936607837677","0.0858936607837677"
"572","2859","2859","2859","0.08045454323291779","0.08045454323291779","0.08045454323291779"
"573","2864","2864","2864","0.04670329764485359","0.04670329764485359","0.04670329764485359"
"574","2869","2869","2869","0.06365546584129333","0.06365546584129333","0.06365546584129333"
"575","2874","2874","2874","0.04257353022694588","0.04257353022694588","0.04257353022694588"
"576","2879","2879","2879","0.042307693511247635","0.042307693511247635","0.042307693511247635"
"577","2884","2884","2884","0.021785713732242584","0.021785713732242584","0.021785713732242584"
"578","2889","2889","2889","-0.09062500298023224","-0.09062500298023224","-0.09062500298023224"
"579","2894","2894","2894","0.5600000023841858","0.5600000023841858","0.5600000023841858"
"580","2899","2899","2899","0.4000000059604645","0.4000000059604645","0.4000000059604645"
"581","2904","2904","2904","0.05291208624839783","0.05291208624839783","0.05291208624839783"
"582","2909","2909","2909","0.029999999329447746","0.029999999329447746","0.029999999329447746"
"583","2914","2914","2914","0.5600000023841858","0.5600000023841858","0.5600000023841858"
"584","2919","2919","2919","0.5299999713897705","0.5299999713897705","0.5299999713897705"
"585","2924","2924","2924","0.04833333566784859","0.04833333566784859","0.04833333566784859"
"586","2929","2929","2929","0.4000000059604645","0.4000000059604645","0.4000000059604645"
"587","2934","2934","2934","0","0","0"
"588","2939","2939","2939","0.06660839170217514","0.06660839170217514","0.06660839170217514"
"589","2944","2944","2944","0.1850000023841858","0.1850000023841858","0.1850000023841858"
"590","2949","2949","2949","0.07363636046648026","0.07363636046648026","0.07363636046648026"
"591","2954","2954","2954","0.10000000149011612","0.10000000149011612","0.10000000149011612"
"592","2959","2959","2959","0.08385714143514633","0.08385714143514633","0.08385714143514633"
"593","2964","2964","2964","-0.04000000283122063","-0.04000000283122063","-0.04000000283122063"
"594","2969","2969","2969","0.034365326166152954","0.034365326166152954","0.034365326166152954"
"595","2974","2974","2974","0.029032258316874504","0.029032258316874504","0.029032258316874504"
"596","2979","2979","2979","0.03238636255264282","0.03238636255264282","0.03238636255264282"
"597","2984","2984","2984","0.025390025228261948","0.025390025228261948","0.025390025228261948"
"598","2989","2989","2989","0.22750000655651093","0.22750000655651093","0.22750000655651093"
"599","2994","2994","2994","0.21375000476837158","0.21375000476837158","0.21375000476837158"
"600","2999","2999","2999","0.5208333134651184","0.5208333134651184","0.5208333134651184"
"601","3004","3004","3004","0.521774172782898","0.521774172782898","0.521774172782898"
"602","3009","3009","3009","0.699999988079071","0.699999988079071","0.699999988079071"
"603","3014","3014","3014","0.036740198731422424","0.036740198731422424","0.036740198731422424"
"604","3019","3019","3019","0.021840659901499748","0.021840659901499748","0.021840659901499748"
"605","3024","3024","3024","0.0533333346247673","0.0533333346247673","0.0533333346247673"
"606","3029","3029","3029","0.375","0.375","0.375"
"607","3034","3034","3034","0.03560924530029297","0.03560924530029297","0.03560924530029297"
"608","3039","3039","3039","0.014318181201815605","0.014318181201815605","0.014318181201815605"
"609","3044","3044","3044","0","0","0"
"610","3049","3049","3049","0.20000000298023224","0.20000000298023224","0.20000000298023224"
"611","3054","3054","3054","0.0250060074031353","0.0250060074031353","0.0250060074031353"
"612","3059","3059","3059","0.029999999329447746","0.029999999329447746","0.029999999329447746"
"613","3064","3064","3064","0.027272727340459824","0.027272727340459824","0.027272727340459824"
"614","3069","3069","3069","0.06615260243415833","0.06615260243415833","0.06615260243415833"
"615","3074","3074","3074","0.05000000074505806","0.05000000074505806","0.05000000074505806"
"616","3079","3079","3079","0.08321267366409302","0.08321267366409302","0.08321267366409302"
"617","3084","3084","3084","-0.0784090906381607","-0.0784090906381607","-0.0784090906381607"
"618","3089","3089","3089","0.025174826383590698","0.025174826383590698","0.025174826383590698"
"619","3094","3094","3094","0.23000000417232513","0.23000000417232513","0.23000000417232513"
"620","3099","3099","3099","0.5189934968948364","0.5189934968948364","0.5189934968948364"
"621","3104","3104","3104","0.01304347813129425","0.01304347813129425","0.01304347813129425"
"622","3109","3109","3109","0.02500000037252903","0.02500000037252903","0.02500000037252903"
"623","3114","3114","3114","0","0","0"
"624","3119","3119","3119","0.557692289352417","0.557692289352417","0.557692289352417"
"625","3124","3124","3124","0.02282608672976494","0.02282608672976494","0.02282608672976494"
"626","3129","3129","3129","-0.04000000283122063","-0.04000000283122063","-0.04000000283122063"
"627","3134","3134","3134","0.5310714244842529","0.5310714244842529","0.5310714244842529"
"628","3139","3139","3139","0.029999999329447746","0.029999999329447746","0.029999999329447746"
"629","3144","3144","3144","0.05782342702150345","0.05782342702150345","0.05782342702150345"
"630","3149","3149","3149","0.034806035459041595","0.034806035459041595","0.034806035459041595"
"631","3154","3154","3154","0.05999999865889549","0.05999999865889549","0.05999999865889549"
"632","3159","3159","3159","0.02142857201397419","0.02142857201397419","0.02142857201397419"
"633","3164","3164","3164","0.05999999865889549","0.05999999865889549","0.05999999865889549"
"634","3169","3169","3169","0.06964285671710968","0.06964285671710968","0.06964285671710968"
"635","3174","3174","3174","0.02142857201397419","0.02142857201397419","0.02142857201397419"
"636","3179","3179","3179","0.5600000023841858","0.5600000023841858","0.5600000023841858"
"637","3184","3184","3184","0.02451923117041588","0.02451923117041588","0.02451923117041588"
"638","3189","3189","3189","0.029999999329447746","0.029999999329447746","0.029999999329447746"
"639","3194","3194","3194","0.5112500190734863","0.5112500190734863","0.5112500190734863"
"640","3199","3199","3199","0.4000000059604645","0.4000000059604645","0.4000000059604645"
"641","3204","3204","3204","0.042432598769664764","0.042432598769664764","0.042432598769664764"
"642","3209","3209","3209","0.04784226417541504","0.04784226417541504","0.04784226417541504"
"643","3214","3214","3214","-0.20000000298023224","-0.20000000298023224","-0.20000000298023224"
"644","3219","3219","3219","0.4000000059604645","0.4000000059604645","0.4000000059604645"
"645","3224","3224","3224","-0.1041666641831398","-0.1041666641831398","-0.1041666641831398"
"646","3229","3229","3229","0.07500000298023224","0.07500000298023224","0.07500000298023224"
"647","3234","3234","3234","0.04500000178813934","0.04500000178813934","0.04500000178813934"
"648","3239","3239","3239","0.5","0.5","0.5"
"649","3244","3244","3244","0.0130681823939085","0.0130681823939085","0.0130681823939085"
"650","3249","3249","3249","0.05024772137403488","0.05024772137403488","0.05024772137403488"
"651","3254","3254","3254","0.23013393580913544","0.23013393580913544","0.23013393580913544"
"652","3259","3259","3259","0.062281470745801926","0.062281470745801926","0.062281470745801926"
"653","3264","3264","3264","-0.2265625","-0.2265625","-0.2265625"
"654","3269","3269","3269","-0.22142857313156128","-0.22142857313156128","-0.22142857313156128"
"655","3274","3274","3274","0.042386364191770554","0.042386364191770554","0.042386364191770554"
"656","3279","3279","3279","0.20000000298023224","0.20000000298023224","0.20000000298023224"
"657","3284","3284","3284","0.025714285671710968","0.025714285671710968","0.025714285671710968"
"658","3289","3289","3289","0.04333333671092987","0.04333333671092987","0.04333333671092987"
"659","3294","3294","3294","0.03898351639509201","0.03898351639509201","0.03898351639509201"
"660","3299","3299","3299","0.0035714285913854837","0.0035714285913854837","0.0035714285913854837"
"661","3304","3304","3304","0.5","0.5","0.5"
"662","3309","3309","3309","0","0","0"
"663","3314","3314","3314","-0.08229166269302368","-0.08229166269302368","-0.08229166269302368"
"664","3319","3319","3319","0.03187499940395355","0.03187499940395355","0.03187499940395355"
"665","3324","3324","3324","0.5321428775787354","0.5321428775787354","0.5321428775787354"
"666","3329","3329","3329","0.5","0.5","0.5"
"667","3334","3334","3334","0.06088235229253769","0.06088235229253769","0.06088235229253769"
"668","3339","3339","3339","0","0","0"
"669","3344","3344","3344","0.027272727340459824","0.027272727340459824","0.027272727340459824"
"670","3349","3349","3349","-0.10000000149011612","-0.10000000149011612","-0.10000000149011612"
"671","3354","3354","3354","0.014999999664723873","0.014999999664723873","0.014999999664723873"
"672","3359","3359","3359","0.02148255705833435","0.02148255705833435","0.02148255705833435"
"673","3364","3364","3364","-0.22718894481658936","-0.22718894481658936","-0.22718894481658936"
"674","3369","3369","3369","0.20000000298023224","0.20000000298023224","0.20000000298023224"
"675","3374","3374","3374","0.014999999664723873","0.014999999664723873","0.014999999664723873"
"676","3379","3379","3379","0.05624999850988388","0.05624999850988388","0.05624999850988388"
"677","3384","3384","3384","0.00937500037252903","0.00937500037252903","0.00937500037252903"
"678","3389","3389","3389","0.5310714244842529","0.5310714244842529","0.5310714244842529"
"679","3394","3394","3394","0.75","0.75","0.75"
"680","3399","3399","3399","0.036057695746421814","0.036057695746421814","0.036057695746421814"
"681","3404","3404","3404","0.07823529094457626","0.07823529094457626","0.07823529094457626"
"682","3409","3409","3409","0.4000000059604645","0.4000000059604645","0.4000000059604645"
"683","3414","3414","3414","0.5","0.5","0.5"
"684","3419","3419","3419","0.047285713255405426","0.047285713255405426","0.047285713255405426"
"685","3424","3424","3424","0.5136646032333374","0.5136646032333374","0.5136646032333374"
"686","3429","3429","3429","-0.10625000298023224","-0.10625000298023224","-0.10625000298023224"
"687","3434","3434","3434","0.5136363506317139","0.5136363506317139","0.5136363506317139"
"688","3439","3439","3439","-0.04000000283122063","-0.04000000283122063","-0.04000000283122063"
"689","3444","3444","3444","0.010714286006987095","0.010714286006987095","0.010714286006987095"
"690","3449","3449","3449","0.026470588520169258","0.026470588520169258","0.026470588520169258"
"691","3454","3454","3454","0.08147726953029633","0.08147726953029633","0.08147726953029633"
"692","3459","3459","3459","0.05682692676782608","0.05682692676782608","0.05682692676782608"
"693","3464","3464","3464","0.22181817889213562","0.22181817889213562","0.22181817889213562"
"694","3469","3469","3469","0.5237500071525574","0.5237500071525574","0.5237500071525574"
"695","3474","3474","3474","0.03826945647597313","0.03826945647597313","0.03826945647597313"
"696","3479","3479","3479","0.06418269127607346","0.06418269127607346","0.06418269127607346"
"697","3484","3484","3484","0.022342994809150696","0.022342994809150696","0.022342994809150696"
"698","3489","3489","3489","0.50789475440979","0.50789475440979","0.50789475440979"
"699","3494","3494","3494","-0.06948275864124298","-0.06948275864124298","-0.06948275864124298"
"700","3499","3499","3499","0.4000000059604645","0.4000000059604645","0.4000000059604645"
"701","3504","3504","3504","0.557692289352417","0.557692289352417","0.557692289352417"
"702","3509","3509","3509","0.24137932062149048","0.24137932062149048","0.24137932062149048"
"703","3514","3514","3514","0.5460714101791382","0.5460714101791382","0.5460714101791382"
"704","3519","3519","3519","0.061057694256305695","0.061057694256305695","0.061057694256305695"
"705","3524","3524","3524","0.038823530077934265","0.038823530077934265","0.038823530077934265"
"706","3529","3529","3529","0.699999988079071","0.699999988079071","0.699999988079071"
"707","3534","3534","3534","0.09147058427333832","0.09147058427333832","0.09147058427333832"
"708","3539","3539","3539","-0.07281745970249176","-0.07281745970249176","-0.07281745970249176"
"709","3544","3544","3544","0.03187499940395355","0.03187499940395355","0.03187499940395355"
"710","3549","3549","3549","0.01570855639874935","0.01570855639874935","0.01570855639874935"
"711","3554","3554","3554","0.24500000476837158","0.24500000476837158","0.24500000476837158"
"712","3559","3559","3559","0.2576923072338104","0.2576923072338104","0.2576923072338104"
"713","3564","3564","3564","0.07134740054607391","0.07134740054607391","0.07134740054607391"
"714","3569","3569","3569","0.08836134523153305","0.08836134523153305","0.08836134523153305"