"train/global_step","qwen3vl_rl - _step","qwen3vl_rl - _step__MIN","qwen3vl_rl - _step__MAX","qwen3vl_rl - train/reward_std","qwen3vl_rl - train/reward_std__MIN","qwen3vl_rl - train/reward_std__MAX"
"1","4","4","4","0","0","0"
"2","9","9","9","0.01649915985763073","0.01649915985763073","0.01649915985763073"
"3","14","14","14","0","0","0"
"4","19","19","19","0.4242640733718872","0.4242640733718872","0.4242640733718872"
"5","24","24","24","0","0","0"
"6","29","29","29","0.0013135118642821908","0.0013135118642821908","0.0013135118642821908"
"7","34","34","34","0","0","0"
"8","39","39","39","0","0","0"
"9","44","44","44","0.02121320366859436","0.02121320366859436","0.02121320366859436"
"10","49","49","49","0","0","0"
"11","54","54","54","0.014428097754716873","0.014428097754716873","0.014428097754716873"
"12","59","59","59","0","0","0"
"13","64","64","64","0.018973208963871002","0.018973208963871002","0.018973208963871002"
"14","69","69","69","0.3535533845424652","0.3535533845424652","0.3535533845424652"
"15","74","74","74","0.009642365388572216","0.009642365388572216","0.009642365388572216"
"16","79","79","79","0.013889599591493607","0.013889599591493607","0.013889599591493607"
"17","84","84","84","0.00203973101451993","0.00203973101451993","0.00203973101451993"
"18","89","89","89","0.00168805371504277","0.00168805371504277","0.00168805371504277"
"19","94","94","94","0.011364216916263103","0.011364216916263103","0.011364216916263103"
"20","99","99","99","0","0","0"
"21","104","104","104","0.011438490822911263","0.011438490822911263","0.011438490822911263"
"22","109","109","109","0.0036477732937783003","0.0036477732937783003","0.0036477732937783003"
"23","114","114","114","0.0027196411974728107","0.0027196411974728107","0.0027196411974728107"
"24","119","119","119","0.002946278778836131","0.002946278778836131","0.002946278778836131"
"25","124","124","124","0.4242640733718872","0.4242640733718872","0.4242640733718872"
"26","129","129","129","0.001756787416525185","0.001756787416525185","0.001756787416525185"
"27","134","134","134","0","0","0"
"28","139","139","139","0.005450032651424408","0.005450032651424408","0.005450032651424408"
"29","144","144","144","0.4242640733718872","0.4242640733718872","0.4242640733718872"
"30","149","149","149","0","0","0"
"31","154","154","154","0.007479014340788126","0.007479014340788126","0.007479014340788126"
"32","159","159","159","0.4242640733718872","0.4242640733718872","0.4242640733718872"
"33","164","164","164","0.0235702283680439","0.0235702283680439","0.0235702283680439"
"34","169","169","169","0.0043418812565505505","0.0043418812565505505","0.0043418812565505505"
"35","174","174","174","0.3535533845424652","0.3535533845424652","0.3535533845424652"
"36","179","179","179","0.005303302314132452","0.005303302314132452","0.005303302314132452"
"37","184","184","184","0","0","0"
"38","189","189","189","0","0","0"
"39","194","194","194","0.004991340450942516","0.004991340450942516","0.004991340450942516"
"40","199","199","199","0.04242640733718872","0.04242640733718872","0.04242640733718872"
"41","204","204","204","0","0","0"
"42","209","209","209","0","0","0"
"43","214","214","214","0","0","0"
"44","219","219","219","0.00407946202903986","0.00407946202903986","0.00407946202903986"
"45","224","224","224","0.4242640733718872","0.4242640733718872","0.4242640733718872"
"46","229","229","229","0.004242639988660812","0.004242639988660812","0.004242639988660812"
"47","234","234","234","0.009642365388572216","0.009642365388572216","0.009642365388572216"
"48","239","239","239","0","0","0"
"49","244","244","244","0.02995222993195057","0.02995222993195057","0.02995222993195057"
"50","249","249","249","0.4242640733718872","0.4242640733718872","0.4242640733718872"
"51","254","254","254","0","0","0"
"52","259","259","259","0.1767766922712326","0.1767766922712326","0.1767766922712326"
"53","264","264","264","0","0","0"
"54","269","269","269","0.02904188632965088","0.02904188632965088","0.02904188632965088"
"55","274","274","274","0.022437039762735367","0.022437039762735367","0.022437039762735367"
"56","279","279","279","0.009642364457249641","0.009642364457249641","0.009642364457249641"
"57","284","284","284","0.01767767034471035","0.01767767034471035","0.01767767034471035"
"58","289","289","289","0.01767767034471035","0.01767767034471035","0.01767767034471035"
"59","294","294","294","0.004991340450942516","0.004991340450942516","0.004991340450942516"
"60","299","299","299","0","0","0"
"61","304","304","304","0.01414213515818119","0.01414213515818119","0.01414213515818119"
"62","309","309","309","0.032859668135643005","0.032859668135643005","0.032859668135643005"
"63","314","314","314","0.4242640733718872","0.4242640733718872","0.4242640733718872"
"64","319","319","319","0.01631784997880459","0.01631784997880459","0.01631784997880459"
"65","324","324","324","0.030304577201604843","0.030304577201604843","0.030304577201604843"
"66","329","329","329","0.006674927659332752","0.006674927659332752","0.006674927659332752"
"67","334","334","334","0.04091117903590202","0.04091117903590202","0.04091117903590202"
"68","339","339","339","0.0017677666619420052","0.0017677666619420052","0.0017677666619420052"
"69","344","344","344","0","0","0"
"70","349","349","349","0.01631784811615944","0.01631784811615944","0.01631784811615944"
"71","354","354","354","0.016970563679933548","0.016970563679933548","0.016970563679933548"
"72","359","359","359","0","0","0"
"73","364","364","364","0","0","0"
"74","369","369","369","0.0006202699150890112","0.0006202699150890112","0.0006202699150890112"
"75","374","374","374","0.4257793128490448","0.4257793128490448","0.4257793128490448"
"76","379","379","379","0","0","0"
"77","384","384","384","0.004991340450942516","0.004991340450942516","0.004991340450942516"
"78","389","389","389","0.018717532977461815","0.018717532977461815","0.018717532977461815"
"79","394","394","394","0.0018940359586849809","0.0018940359586849809","0.0018940359586849809"
"80","399","399","399","0","0","0"
"81","404","404","404","0","0","0"
"82","409","409","409","0","0","0"
"83","414","414","414","0.025043366476893425","0.025043366476893425","0.025043366476893425"
"84","419","419","419","0.030304577201604843","0.030304577201604843","0.030304577201604843"
"85","424","424","424","0.014983929693698883","0.014983929693698883","0.014983929693698883"
"86","429","429","429","0","0","0"
"87","434","434","434","0","0","0"
"88","439","439","439","0","0","0"
"89","444","444","444","0.012626906856894493","0.012626906856894493","0.012626906856894493"
"90","449","449","449","0.0003781309933401644","0.0003781309933401644","0.0003781309933401644"
"91","454","454","454","0.055684659630060196","0.055684659630060196","0.055684659630060196"
"92","459","459","459","0.4242640733718872","0.4242640733718872","0.4242640733718872"
"93","464","464","464","0.4242640733718872","0.4242640733718872","0.4242640733718872"
"94","469","469","469","0","0","0"
"95","474","474","474","0.005711247678846121","0.005711247678846121","0.005711247678846121"
"96","479","479","479","0.002525381278246641","0.002525381278246641","0.002525381278246641"
"97","484","484","484","0.005981167312711477","0.005981167312711477","0.005981167312711477"
"98","489","489","489","0.4242640733718872","0.4242640733718872","0.4242640733718872"
"99","494","494","494","0.0235702283680439","0.0235702283680439","0.0235702283680439"
"100","499","499","499","0","0","0"
"101","504","504","504","0.0010480841156095266","0.0010480841156095266","0.0010480841156095266"
"102","509","509","509","0","0","0"
"103","514","514","514","0.05339187756180763","0.05339187756180763","0.05339187756180763"
"104","519","519","519","0.002483151387423277","0.002483151387423277","0.002483151387423277"
"105","524","524","524","0.008838835172355175","0.008838835172355175","0.008838835172355175"
"106","529","529","529","0.02784232795238495","0.02784232795238495","0.02784232795238495"
"107","534","534","534","0.003169788746163249","0.003169788746163249","0.003169788746163249"
"108","539","539","539","0.4242640733718872","0.4242640733718872","0.4242640733718872"
"109","544","544","544","0","0","0"
"110","549","549","549","0.001165560563094914","0.001165560563094914","0.001165560563094914"
"111","554","554","554","0","0","0"
"112","559","559","559","0","0","0"
"113","564","564","564","0","0","0"
"114","569","569","569","0","0","0"
"115","574","574","574","0.005010031629353762","0.005010031629353762","0.005010031629353762"
"116","579","579","579","0.015630779787898064","0.015630779787898064","0.015630779787898064"
"117","584","584","584","0.004629865288734436","0.004629865288734436","0.004629865288734436"
"118","589","589","589","0.014711698517203331","0.014711698517203331","0.014711698517203331"
"119","594","594","594","0","0","0"
"120","599","599","599","0.44415146112442017","0.44415146112442017","0.44415146112442017"
"121","604","604","604","0","0","0"
"122","609","609","609","0.016448738053441048","0.016448738053441048","0.016448738053441048"
"123","614","614","614","0.006842970382422209","0.006842970382422209","0.006842970382422209"
"124","619","619","619","0.006967082154005766","0.006967082154005766","0.006967082154005766"
"125","624","624","624","0.017516963183879852","0.017516963183879852","0.017516963183879852"
"126","629","629","629","0.010472388006746769","0.010472388006746769","0.010472388006746769"
"127","634","634","634","0.04242640733718872","0.04242640733718872","0.04242640733718872"
"128","639","639","639","0.42662110924720764","0.42662110924720764","0.42662110924720764"
"129","644","644","644","0.4242640733718872","0.4242640733718872","0.4242640733718872"
"130","649","649","649","0.015161898918449879","0.015161898918449879","0.015161898918449879"
"131","654","654","654","0","0","0"
"132","659","659","659","0","0","0"
"133","664","664","664","0.00815892405807972","0.00815892405807972","0.00815892405807972"
"134","669","669","669","0","0","0"
"135","674","674","674","0.003140111453831196","0.003140111453831196","0.003140111453831196"
"136","679","679","679","0.1767766922712326","0.1767766922712326","0.1767766922712326"
"137","684","684","684","0","0","0"
"138","689","689","689","0.012609245255589485","0.012609245255589485","0.012609245255589485"
"139","694","694","694","0","0","0"
"140","699","699","699","0.012958290986716747","0.012958290986716747","0.012958290986716747"
"141","704","704","704","0","0","0"
"142","709","709","709","0","0","0"
"143","714","714","714","0.038569461554288864","0.038569461554288864","0.038569461554288864"
"144","719","719","719","0.00530330091714859","0.00530330091714859","0.00530330091714859"
"145","724","724","724","0.0010878569446504116","0.0010878569446504116","0.0010878569446504116"
"146","729","729","729","0.46169912815093994","0.46169912815093994","0.46169912815093994"
"147","734","734","734","0.01148293074220419","0.01148293074220419","0.01148293074220419"
"148","739","739","739","0.02366088330745697","0.02366088330745697","0.02366088330745697"
"149","744","744","744","0.004991340450942516","0.004991340450942516","0.004991340450942516"
"150","749","749","749","0.010606599971652031","0.010606599971652031","0.010606599971652031"
"151","754","754","754","0","0","0"
"152","759","759","759","0.006218087859451771","0.006218087859451771","0.006218087859451771"
"153","764","764","764","0.03181980550289154","0.03181980550289154","0.03181980550289154"
"154","769","769","769","0","0","0"
"155","774","774","774","0","0","0"
"156","779","779","779","0.4242640733718872","0.4242640733718872","0.4242640733718872"
"157","784","784","784","0.019284730777144432","0.019284730777144432","0.019284730777144432"
"158","789","789","789","0.02121320366859436","0.02121320366859436","0.02121320366859436"
"159","794","794","794","0.4242640733718872","0.4242640733718872","0.4242640733718872"
"160","799","799","799","0.005892557092010975","0.005892557092010975","0.005892557092010975"
"161","804","804","804","0.00394053291529417","0.00394053291529417","0.00394053291529417"
"162","809","809","809","0","0","0"
"163","814","814","814","0.023116949945688248","0.023116949945688248","0.023116949945688248"
"164","819","819","819","0.004991340450942516","0.004991340450942516","0.004991340450942516"
"165","824","824","824","0","0","0"
"166","829","829","829","0.011164842173457146","0.011164842173457146","0.011164842173457146"
"167","834","834","834","0","0","0"
"168","839","839","839","0.015152287669479847","0.015152287669479847","0.015152287669479847"
"169","844","844","844","0.007007932756096125","0.007007932756096125","0.007007932756096125"
"170","849","849","849","0.012478356249630451","0.012478356249630451","0.012478356249630451"
"171","854","854","854","0","0","0"
"172","859","859","859","0.0006932418909855187","0.0006932418909855187","0.0006932418909855187"
"173","864","864","864","0.00558242155238986","0.00558242155238986","0.00558242155238986"
"174","869","869","869","0.009569866582751274","0.009569866582751274","0.009569866582751274"
"175","874","874","874","0.005303302314132452","0.005303302314132452","0.005303302314132452"
"176","879","879","879","0.4242640733718872","0.4242640733718872","0.4242640733718872"
"177","884","884","884","0","0","0"
"178","889","889","889","0","0","0"
"179","894","894","894","0.002651650458574295","0.002651650458574295","0.002651650458574295"
"180","899","899","899","0.012701962143182755","0.012701962143182755","0.012701962143182755"
"181","904","904","904","0.4375223219394684","0.4375223219394684","0.4375223219394684"
"182","909","909","909","0.4367811679840088","0.4367811679840088","0.4367811679840088"
"183","914","914","914","0.02121320366859436","0.02121320366859436","0.02121320366859436"
"184","919","919","919","0.003140111453831196","0.003140111453831196","0.003140111453831196"
"185","924","924","924","0.030304577201604843","0.030304577201604843","0.030304577201604843"
"186","929","929","929","0","0","0"
"187","934","934","934","0","0","0"
"188","939","939","939","0.014015866443514824","0.014015866443514824","0.014015866443514824"
"189","944","944","944","0.4242640733718872","0.4242640733718872","0.4242640733718872"
"190","949","949","949","0","0","0"
"191","954","954","954","0.0024105890188366175","0.0024105890188366175","0.0024105890188366175"
"192","959","959","959","0.02766035497188568","0.02766035497188568","0.02766035497188568"
"193","964","964","964","0","0","0"
"194","969","969","969","0.015152287669479847","0.015152287669479847","0.015152287669479847"
"195","974","974","974","0.006410584319382906","0.006410584319382906","0.006410584319382906"
"196","979","979","979","0.0035355337895452976","0.0035355337895452976","0.0035355337895452976"
"197","984","984","984","0.004991340450942516","0.004991340450942516","0.004991340450942516"
"198","989","989","989","0.01767767034471035","0.01767767034471035","0.01767767034471035"
"199","994","994","994","0.43057751655578613","0.43057751655578613","0.43057751655578613"
"200","999","999","999","0","0","0"
"201","1004","1004","1004","0.002525381278246641","0.002525381278246641","0.002525381278246641"
"202","1009","1009","1009","0.4242640733718872","0.4242640733718872","0.4242640733718872"
"203","1014","1014","1014","0.39597979187965393","0.39597979187965393","0.39597979187965393"
"204","1019","1019","1019","0.4242640733718872","0.4242640733718872","0.4242640733718872"
"205","1024","1024","1024","0","0","0"
"206","1029","1029","1029","0.04079462215304375","0.04079462215304375","0.04079462215304375"
"207","1034","1034","1034","0.004821183159947395","0.004821183159947395","0.004821183159947395"
"208","1039","1039","1039","0","0","0"
"209","1044","1044","1044","0","0","0"
"210","1049","1049","1049","0.009049075655639172","0.009049075655639172","0.009049075655639172"
"211","1054","1054","1054","0.04242640733718872","0.04242640733718872","0.04242640733718872"
"212","1059","1059","1059","0.059026941657066345","0.059026941657066345","0.059026941657066345"
"213","1064","1064","1064","0.001165560563094914","0.001165560563094914","0.001165560563094914"
"214","1069","1069","1069","0.04242640733718872","0.04242640733718872","0.04242640733718872"
"215","1074","1074","1074","0","0","0"
"216","1079","1079","1079","0.02397169917821884","0.02397169917821884","0.02397169917821884"
"217","1084","1084","1084","0.0006799102993682027","0.0006799102993682027","0.0006799102993682027"
"218","1089","1089","1089","0","0","0"
"219","1094","1094","1094","0.02121320366859436","0.02121320366859436","0.02121320366859436"
"220","1099","1099","1099","0.002966881264001131","0.002966881264001131","0.002966881264001131"
"221","1104","1104","1104","0.03358757123351097","0.03358757123351097","0.03358757123351097"
"222","1109","1109","1109","0.002209709258750081","0.002209709258750081","0.002209709258750081"
"223","1114","1114","1114","0.01116484310477972","0.01116484310477972","0.01116484310477972"
"224","1119","1119","1119","0.009642365388572216","0.009642365388572216","0.009642365388572216"
"225","1124","1124","1124","0.007314897608011961","0.007314897608011961","0.007314897608011961"
"226","1129","1129","1129","0","0","0"
"227","1134","1134","1134","0.01767767034471035","0.01767767034471035","0.01767767034471035"
"228","1139","1139","1139","0","0","0"
"229","1144","1144","1144","0","0","0"
"230","1149","1149","1149","0.02121320366859436","0.02121320366859436","0.02121320366859436"
"231","1154","1154","1154","0.010878564789891243","0.010878564789891243","0.010878564789891243"
"232","1159","1159","1159","0.000347472436260432","0.000347472436260432","0.000347472436260432"
"233","1164","1164","1164","0.02121320366859436","0.02121320366859436","0.02121320366859436"
"234","1169","1169","1169","0.006556808948516846","0.006556808948516846","0.006556808948516846"
"235","1174","1174","1174","0.02121320366859436","0.02121320366859436","0.02121320366859436"
"236","1179","1179","1179","0.05421151965856552","0.05421151965856552","0.05421151965856552"
"237","1184","1184","1184","0.011364216916263103","0.011364216916263103","0.011364216916263103"
"238","1189","1189","1189","0.03618722781538963","0.03618722781538963","0.03618722781538963"
"239","1194","1194","1194","0","0","0"
"240","1199","1199","1199","0.0265165027230978","0.0265165027230978","0.0265165027230978"
"241","1204","1204","1204","0.4242640733718872","0.4242640733718872","0.4242640733718872"
"242","1209","1209","1209","0.021370820701122284","0.021370820701122284","0.021370820701122284"
"243","1214","1214","1214","0.033840108662843704","0.033840108662843704","0.033840108662843704"
"244","1219","1219","1219","0","0","0"
"245","1224","1224","1224","0.018563613295555115","0.018563613295555115","0.018563613295555115"
"246","1229","1229","1229","0","0","0"
"247","1234","1234","1234","0.0028717441018670797","0.0028717441018670797","0.0028717441018670797"
"248","1239","1239","1239","0","0","0"
"249","1244","1244","1244","0.008588341996073723","0.008588341996073723","0.008588341996073723"
"250","1249","1249","1249","0.011785113252699375","0.011785113252699375","0.011785113252699375"
"251","1254","1254","1254","0.1767766922712326","0.1767766922712326","0.1767766922712326"
"252","1259","1259","1259","0.0008838839712552726","0.0008838839712552726","0.0008838839712552726"
"253","1264","1264","1264","0","0","0"
"254","1269","1269","1269","0","0","0"
"255","1274","1274","1274","0","0","0"
"256","1279","1279","1279","0","0","0"
"257","1284","1284","1284","0.4248468577861786","0.4248468577861786","0.4248468577861786"
"258","1289","1289","1289","0.007968014106154442","0.007968014106154442","0.007968014106154442"
"259","1294","1294","1294","0","0","0"
"260","1299","1299","1299","0.007856741547584534","0.007856741547584534","0.007856741547584534"
"261","1304","1304","1304","0.4242640733718872","0.4242640733718872","0.4242640733718872"
"262","1309","1309","1309","0.04292050376534462","0.04292050376534462","0.04292050376534462"
"263","1314","1314","1314","0.02651650458574295","0.02651650458574295","0.02651650458574295"
"264","1319","1319","1319","0","0","0"
"265","1324","1324","1324","0.004112763796001673","0.004112763796001673","0.004112763796001673"
"266","1329","1329","1329","0","0","0"
"267","1334","1334","1334","0.0006566498777829111","0.0006566498777829111","0.0006566498777829111"
"268","1339","1339","1339","0.00827763881534338","0.00827763881534338","0.00827763881534338"
"269","1344","1344","1344","0.02232968620955944","0.02232968620955944","0.02232968620955944"
"270","1349","1349","1349","0","0","0"
"271","1354","1354","1354","0","0","0"
"272","1359","1359","1359","0.04242640733718872","0.04242640733718872","0.04242640733718872"
"273","1364","1364","1364","0.021465742960572243","0.021465742960572243","0.021465742960572243"
"274","1369","1369","1369","0.01414213702082634","0.01414213702082634","0.01414213702082634"
"275","1374","1374","1374","0.00530330091714859","0.00530330091714859","0.00530330091714859"
"276","1379","1379","1379","0.008399390615522861","0.008399390615522861","0.008399390615522861"
"277","1384","1384","1384","0.0023570244666188955","0.0023570244666188955","0.0023570244666188955"
"278","1389","1389","1389","0","0","0"
"279","1394","1394","1394","0.014569509774446487","0.014569509774446487","0.014569509774446487"
"280","1399","1399","1399","0.0008838839712552726","0.0008838839712552726","0.0008838839712552726"
"281","1404","1404","1404","0.0053032999858260155","0.0053032999858260155","0.0053032999858260155"
"282","1409","1409","1409","0.0023570244666188955","0.0023570244666188955","0.0023570244666188955"
"283","1414","1414","1414","0.0013369665248319507","0.0013369665248319507","0.0013369665248319507"
"284","1419","1419","1419","0","0","0"
"285","1424","1424","1424","0.027800777927041054","0.027800777927041054","0.027800777927041054"
"286","1429","1429","1429","0.02121320366859436","0.02121320366859436","0.02121320366859436"
"287","1434","1434","1434","0.005099328234791756","0.005099328234791756","0.005099328234791756"
"288","1439","1439","1439","0.42601242661476135","0.42601242661476135","0.42601242661476135"
"289","1444","1444","1444","0.005072720814496279","0.005072720814496279","0.005072720814496279"
"290","1449","1449","1449","0.0375310517847538","0.0375310517847538","0.0375310517847538"
"291","1454","1454","1454","0","0","0"
"292","1459","1459","1459","0","0","0"
"293","1464","1464","1464","0","0","0"
"294","1469","1469","1469","0.0037880726158618927","0.0037880726158618927","0.0037880726158618927"
"295","1474","1474","1474","0","0","0"
"296","1479","1479","1479","0.011422495357692242","0.011422495357692242","0.011422495357692242"
"297","1484","1484","1484","0.4242640733718872","0.4242640733718872","0.4242640733718872"
"298","1489","1489","1489","0.4242640733718872","0.4242640733718872","0.4242640733718872"
"299","1494","1494","1494","0.028927095234394073","0.028927095234394073","0.028927095234394073"
"300","1499","1499","1499","0.0018856157548725605","0.0018856157548725605","0.0018856157548725605"
"301","1504","1504","1504","0.03442493826150894","0.03442493826150894","0.03442493826150894"
"302","1509","1509","1509","0.03263569623231888","0.03263569623231888","0.03263569623231888"
"303","1514","1514","1514","0","0","0"
"304","1519","1519","1519","0.4242640733718872","0.4242640733718872","0.4242640733718872"
"305","1524","1524","1524","0.006629126146435738","0.006629126146435738","0.006629126146435738"
"306","1529","1529","1529","0.002679562196135521","0.002679562196135521","0.002679562196135521"
"307","1534","1534","1534","0.3608105182647705","0.3608105182647705","0.3608105182647705"
"308","1539","1539","1539","0","0","0"
"309","1544","1544","1544","0.002525381278246641","0.002525381278246641","0.002525381278246641"
"310","1549","1549","1549","0.4242640733718872","0.4242640733718872","0.4242640733718872"
"311","1554","1554","1554","0","0","0"
"312","1559","1559","1559","0.04079462215304375","0.04079462215304375","0.04079462215304375"
"313","1564","1564","1564","0","0","0"
"314","1569","1569","1569","0","0","0"
"315","1574","1574","1574","0.02121320366859436","0.02121320366859436","0.02121320366859436"
"316","1579","1579","1579","0","0","0"
"317","1584","1584","1584","0.030304577201604843","0.030304577201604843","0.030304577201604843"
"318","1589","1589","1589","0","0","0"
"319","1594","1594","1594","0.01055860798805952","0.01055860798805952","0.01055860798805952"
"320","1599","1599","1599","0","0","0"
"321","1604","1604","1604","0","0","0"
"322","1609","1609","1609","0.01944543793797493","0.01944543793797493","0.01944543793797493"
"323","1614","1614","1614","0.009259731508791447","0.009259731508791447","0.009259731508791447"
"324","1619","1619","1619","0","0","0"
"325","1624","1624","1624","0.44680309295654297","0.44680309295654297","0.44680309295654297"
"326","1629","1629","1629","0.007071067579090595","0.007071067579090595","0.007071067579090595"
"327","1634","1634","1634","0","0","0"
"328","1639","1639","1639","0","0","0"
"329","1644","1644","1644","0","0","0"
"330","1649","1649","1649","0","0","0"
"331","1654","1654","1654","0","0","0"
"332","1659","1659","1659","0","0","0"
"333","1664","1664","1664","0.0055364142172038555","0.0055364142172038555","0.0055364142172038555"
"334","1669","1669","1669","0","0","0"
"335","1674","1674","1674","0.004132441710680723","0.004132441710680723","0.004132441710680723"
"336","1679","1679","1679","0","0","0"
"337","1684","1684","1684","0.4242640733718872","0.4242640733718872","0.4242640733718872"
"338","1689","1689","1689","0.006629126146435738","0.006629126146435738","0.006629126146435738"
"339","1694","1694","1694","0.0010101533262059093","0.0010101533262059093","0.0010101533262059093"
"340","1699","1699","1699","0","0","0"
"341","1704","1704","1704","0","0","0"
"342","1709","1709","1709","0.01060660183429718","0.01060660183429718","0.01060660183429718"
"343","1714","1714","1714","0.027606336399912834","0.027606336399912834","0.027606336399912834"
"344","1719","1719","1719","0.02121320366859436","0.02121320366859436","0.02121320366859436"
"345","1724","1724","1724","0","0","0"
"346","1729","1729","1729","0.014463547617197037","0.014463547617197037","0.014463547617197037"
"347","1734","1734","1734","0.4242640733718872","0.4242640733718872","0.4242640733718872"
"348","1739","1739","1739","0.04242640733718872","0.04242640733718872","0.04242640733718872"
"349","1744","1744","1744","0.017811592668294907","0.017811592668294907","0.017811592668294907"
"350","1749","1749","1749","0","0","0"
"351","1754","1754","1754","0.006629126146435738","0.006629126146435738","0.006629126146435738"
"352","1759","1759","1759","0.005050762556493282","0.005050762556493282","0.005050762556493282"
"353","1764","1764","1764","0","0","0"
"354","1769","1769","1769","0.01767767034471035","0.01767767034471035","0.01767767034471035"
"355","1774","1774","1774","0.011751784011721611","0.011751784011721611","0.011751784011721611"
"356","1779","1779","1779","0","0","0"
"357","1784","1784","1784","0","0","0"
"358","1789","1789","1789","0","0","0"
"359","1794","1794","1794","0.004735088907182217","0.004735088907182217","0.004735088907182217"
"360","1799","1799","1799","0","0","0"
"361","1804","1804","1804","0","0","0"
"362","1809","1809","1809","0.009415139444172382","0.009415139444172382","0.009415139444172382"
"363","1814","1814","1814","0.003291703760623932","0.003291703760623932","0.003291703760623932"
"364","1819","1819","1819","0","0","0"
"365","1824","1824","1824","0.022242780774831772","0.022242780774831772","0.022242780774831772"
"366","1829","1829","1829","0","0","0"
"367","1834","1834","1834","0.011364216916263103","0.011364216916263103","0.011364216916263103"
"368","1839","1839","1839","0.003403187496587634","0.003403187496587634","0.003403187496587634"
"369","1844","1844","1844","0.015637939795851707","0.015637939795851707","0.015637939795851707"
"370","1849","1849","1849","0.007071067579090595","0.007071067579090595","0.007071067579090595"
"371","1854","1854","1854","0.02121320366859436","0.02121320366859436","0.02121320366859436"
"372","1859","1859","1859","0.025292668491601944","0.025292668491601944","0.025292668491601944"
"373","1864","1864","1864","0","0","0"
"374","1869","1869","1869","0","0","0"
"375","1874","1874","1874","0.4242640733718872","0.4242640733718872","0.4242640733718872"
"376","1879","1879","1879","0","0","0"
"377","1884","1884","1884","0.024476774036884308","0.024476774036884308","0.024476774036884308"
"378","1889","1889","1889","0","0","0"
"379","1894","1894","1894","0.0071929823607206345","0.0071929823607206345","0.0071929823607206345"
"380","1899","1899","1899","0.0044194171205163","0.0044194171205163","0.0044194171205163"
"381","1904","1904","1904","0","0","0"
"382","1909","1909","1909","0","0","0"
"383","1914","1914","1914","0","0","0"
"384","1919","1919","1919","0.013637058436870575","0.013637058436870575","0.013637058436870575"
"385","1924","1924","1924","0","0","0"
"386","1929","1929","1929","0.005427744705229998","0.005427744705229998","0.005427744705229998"
"387","1934","1934","1934","0.02121320366859436","0.02121320366859436","0.02121320366859436"
"388","1939","1939","1939","0.0008838833309710026","0.0008838833309710026","0.0008838833309710026"
"389","1944","1944","1944","0.03743506595492363","0.03743506595492363","0.03743506595492363"
"390","1949","1949","1949","0.010101526975631714","0.010101526975631714","0.010101526975631714"
"391","1954","1954","1954","0.019284730777144432","0.019284730777144432","0.019284730777144432"
"392","1959","1959","1959","0.4419417381286621","0.4419417381286621","0.4419417381286621"
"393","1964","1964","1964","0.4242640733718872","0.4242640733718872","0.4242640733718872"
"394","1969","1969","1969","0.00815892405807972","0.00815892405807972","0.00815892405807972"
"395","1974","1974","1974","0","0","0"
"396","1979","1979","1979","0.004991340450942516","0.004991340450942516","0.004991340450942516"
"397","1984","1984","1984","0","0","0"
"398","1989","1989","1989","0.0010398628655821085","0.0010398628655821085","0.0010398628655821085"
"399","1994","1994","1994","0.004735090304166079","0.004735090304166079","0.004735090304166079"
"400","1999","1999","1999","0","0","0"
"401","2004","2004","2004","0","0","0"
"402","2009","2009","2009","0","0","0"
"403","2014","2014","2014","0.005014031194150448","0.005014031194150448","0.005014031194150448"
"404","2019","2019","2019","0.0028410532977432013","0.0028410532977432013","0.0028410532977432013"
"405","2024","2024","2024","0","0","0"
"406","2029","2029","2029","0","0","0"
"407","2034","2034","2034","0.425771027803421","0.425771027803421","0.425771027803421"
"408","2039","2039","2039","0.008636806160211563","0.008636806160211563","0.008636806160211563"
"409","2044","2044","2044","0","0","0"
"410","2049","2049","2049","0","0","0"
"411","2054","2054","2054","0.005050763953477144","0.005050763953477144","0.005050763953477144"
"412","2059","2059","2059","0","0","0"
"413","2064","2064","2064","0.07778174430131912","0.07778174430131912","0.07778174430131912"
"414","2069","2069","2069","0.04208969324827194","0.04208969324827194","0.04208969324827194"
"415","2074","2074","2074","0","0","0"
"416","2079","2079","2079","0","0","0"
"417","2084","2084","2084","0.002766939112916589","0.002766939112916589","0.002766939112916589"
"418","2089","2089","2089","0.002209707861766219","0.002209707861766219","0.002209707861766219"
"419","2094","2094","2094","0","0","0"
"420","2099","2099","2099","0","0","0"
"421","2104","2104","2104","0","0","0"
"422","2109","2109","2109","0.00815892405807972","0.00815892405807972","0.00815892405807972"
"423","2114","2114","2114","0.016355687752366066","0.016355687752366066","0.016355687752366066"
"424","2119","2119","2119","0","0","0"
"425","2124","2124","2124","0.023107239976525307","0.023107239976525307","0.023107239976525307"
"426","2129","2129","2129","0.01346870232373476","0.01346870232373476","0.01346870232373476"
"427","2134","2134","2134","0","0","0"
"428","2139","2139","2139","0.00611919304355979","0.00611919304355979","0.00611919304355979"
"429","2144","2144","2144","0.4375223219394684","0.4375223219394684","0.4375223219394684"
"430","2149","2149","2149","0.4242640733718872","0.4242640733718872","0.4242640733718872"
"431","2154","2154","2154","0.004998260643333197","0.004998260643333197","0.004998260643333197"
"432","2159","2159","2159","0.4242640733718872","0.4242640733718872","0.4242640733718872"
"433","2164","2164","2164","0.00203973101451993","0.00203973101451993","0.00203973101451993"
"434","2169","2169","2169","0.001515230513177812","0.001515230513177812","0.001515230513177812"
"435","2174","2174","2174","0.44116470217704773","0.44116470217704773","0.44116470217704773"
"436","2179","2179","2179","0.04579358175396919","0.04579358175396919","0.04579358175396919"
"437","2184","2184","2184","0.04242640733718872","0.04242640733718872","0.04242640733718872"
"438","2189","2189","2189","0.003877681912854314","0.003877681912854314","0.003877681912854314"
"439","2194","2194","2194","0.4242640733718872","0.4242640733718872","0.4242640733718872"
"440","2199","2199","2199","0.015597944147884846","0.015597944147884846","0.015597944147884846"
"441","2204","2204","2204","0","0","0"
"442","2209","2209","2209","0.003626188961789012","0.003626188961789012","0.003626188961789012"
"443","2214","2214","2214","0.0011698451125994325","0.0011698451125994325","0.0011698451125994325"
"444","2219","2219","2219","0.055684659630060196","0.055684659630060196","0.055684659630060196"
"445","2224","2224","2224","0.0037880719173699617","0.0037880719173699617","0.0037880719173699617"
"446","2229","2229","2229","0.008035304956138134","0.008035304956138134","0.008035304956138134"
"447","2234","2234","2234","0.3535533845424652","0.3535533845424652","0.3535533845424652"
"448","2239","2239","2239","0","0","0"
"449","2244","2244","2244","0.02121320366859436","0.02121320366859436","0.02121320366859436"
"450","2249","2249","2249","0","0","0"
"451","2254","2254","2254","0.03636549040675163","0.03636549040675163","0.03636549040675163"
"452","2259","2259","2259","0.4242640733718872","0.4242640733718872","0.4242640733718872"
"453","2264","2264","2264","0.02121320366859436","0.02121320366859436","0.02121320366859436"
"454","2269","2269","2269","0.006332024000585079","0.006332024000585079","0.006332024000585079"
"455","2274","2274","2274","0.002913901349529624","0.002913901349529624","0.002913901349529624"
"456","2279","2279","2279","0.44475990533828735","0.44475990533828735","0.44475990533828735"
"457","2284","2284","2284","0.02121320366859436","0.02121320366859436","0.02121320366859436"
"458","2289","2289","2289","0","0","0"
"459","2294","2294","2294","0.01631784811615944","0.01631784811615944","0.01631784811615944"
"460","2299","2299","2299","0.03147013857960701","0.03147013857960701","0.03147013857960701"
"461","2304","2304","2304","0.4339064359664917","0.4339064359664917","0.4339064359664917"
"462","2309","2309","2309","0.5303300619125366","0.5303300619125366","0.5303300619125366"
"463","2314","2314","2314","0","0","0"
"464","2319","2319","2319","0.008036297746002674","0.008036297746002674","0.008036297746002674"
"465","2324","2324","2324","0.00862737838178873","0.00862737838178873","0.00862737838178873"
"466","2329","2329","2329","0","0","0"
"467","2334","2334","2334","0.010101525112986565","0.010101525112986565","0.010101525112986565"
"468","2339","2339","2339","0.0176776684820652","0.0176776684820652","0.0176776684820652"
"469","2344","2344","2344","0","0","0"
"470","2349","2349","2349","0.04242640733718872","0.04242640733718872","0.04242640733718872"
"471","2354","2354","2354","0.02861483208835125","0.02861483208835125","0.02861483208835125"
"472","2359","2359","2359","0.01237436756491661","0.01237436756491661","0.01237436756491661"
"473","2364","2364","2364","0","0","0"
"474","2369","2369","2369","0.0008035303326323628","0.0008035303326323628","0.0008035303326323628"
"475","2374","2374","2374","0","0","0"
"476","2379","2379","2379","0.004991340450942516","0.004991340450942516","0.004991340450942516"
"477","2384","2384","2384","0","0","0"
"478","2389","2389","2389","0","0","0"
"479","2394","2394","2394","0.03850496560335159","0.03850496560335159","0.03850496560335159"
"480","2399","2399","2399","0.004675445146858692","0.004675445146858692","0.004675445146858692"
"481","2404","2404","2404","0","0","0"
"482","2409","2409","2409","0","0","0"
"483","2414","2414","2414","0","0","0"
"484","2419","2419","2419","0","0","0"
"485","2424","2424","2424","0.1913461983203888","0.1913461983203888","0.1913461983203888"
"486","2429","2429","2429","0.008838835172355175","0.008838835172355175","0.008838835172355175"
"487","2434","2434","2434","0.012386998161673546","0.012386998161673546","0.012386998161673546"
"488","2439","2439","2439","0.01313198171555996","0.01313198171555996","0.01313198171555996"
"489","2444","2444","2444","0","0","0"
"490","2449","2449","2449","0.02651650458574295","0.02651650458574295","0.02651650458574295"
"491","2454","2454","2454","0.00815892405807972","0.00815892405807972","0.00815892405807972"
"492","2459","2459","2459","0.005640824791043997","0.005640824791043997","0.005640824791043997"
"493","2464","2464","2464","0","0","0"
"494","2469","2469","2469","0","0","0"
"495","2474","2474","2474","0.004991340450942516","0.004991340450942516","0.004991340450942516"
"496","2479","2479","2479","0","0","0"
"497","2484","2484","2484","0.42506760358810425","0.42506760358810425","0.42506760358810425"
"498","2489","2489","2489","0.001756787416525185","0.001756787416525185","0.001756787416525185"
"499","2494","2494","2494","0.02534564584493637","0.02534564584493637","0.02534564584493637"
"500","2499","2499","2499","0","0","0"
"501","2504","2504","2504","0","0","0"
"502","2509","2509","2509","0","0","0"
"503","2514","2514","2514","0.015816863626241684","0.015816863626241684","0.015816863626241684"
"504","2519","2519","2519","0.020918576046824455","0.020918576046824455","0.020918576046824455"
"505","2524","2524","2524","0","0","0"
"506","2529","2529","2529","0","0","0"
"507","2534","2534","2534","0.004991340450942516","0.004991340450942516","0.004991340450942516"
"508","2539","2539","2539","0.004679382778704166","0.004679382778704166","0.004679382778704166"
"509","2544","2544","2544","0.03026001527905464","0.03026001527905464","0.03026001527905464"
"510","2549","2549","2549","0.4242640733718872","0.4242640733718872","0.4242640733718872"
"511","2554","2554","2554","0","0","0"
"512","2559","2559","2559","0.014569509774446487","0.014569509774446487","0.014569509774446487"
"513","2564","2564","2564","0","0","0"
"514","2569","2569","2569","0.01946987584233284","0.01946987584233284","0.01946987584233284"
"515","2574","2574","2574","0.011728454381227493","0.011728454381227493","0.011728454381227493"
"516","2579","2579","2579","0.43319594860076904","0.43319594860076904","0.43319594860076904"
"517","2584","2584","2584","0.031911637634038925","0.031911637634038925","0.031911637634038925"
"518","2589","2589","2589","0.011048543266952038","0.011048543266952038","0.011048543266952038"
"519","2594","2594","2594","0","0","0"
"520","2599","2599","2599","0.04242640733718872","0.04242640733718872","0.04242640733718872"
"521","2604","2604","2604","0","0","0"
"522","2609","2609","2609","0.004367423709481955","0.004367423709481955","0.004367423709481955"
"523","2614","2614","2614","0","0","0"
"524","2619","2619","2619","0.004159451462328434","0.004159451462328434","0.004159451462328434"
"525","2624","2624","2624","0.010589521378278732","0.010589521378278732","0.010589521378278732"
"526","2629","2629","2629","0","0","0"
"527","2634","2634","2634","0.04883699119091034","0.04883699119091034","0.04883699119091034"
"528","2639","2639","2639","0","0","0"
"529","2644","2644","2644","0.00815892405807972","0.00815892405807972","0.00815892405807972"
"530","2649","2649","2649","0.04065864160656929","0.04065864160656929","0.04065864160656929"
"531","2654","2654","2654","0.010754282586276531","0.010754282586276531","0.010754282586276531"
"532","2659","2659","2659","0","0","0"
"533","2664","2664","2664","0.007856741547584534","0.007856741547584534","0.007856741547584534"
"534","2669","2669","2669","0","0","0"
"535","2674","2674","2674","0","0","0"
"536","2679","2679","2679","0","0","0"
"537","2684","2684","2684","0","0","0"
"538","2689","2689","2689","0.014038149267435074","0.014038149267435074","0.014038149267435074"
"539","2694","2694","2694","0.0018940359586849809","0.0018940359586849809","0.0018940359586849809"
"540","2699","2699","2699","0","0","0"
"541","2704","2704","2704","0.01494566723704338","0.01494566723704338","0.01494566723704338"
"542","2709","2709","2709","0.4242640733718872","0.4242640733718872","0.4242640733718872"
"543","2714","2714","2714","0.4242640733718872","0.4242640733718872","0.4242640733718872"
"544","2719","2719","2719","0.00195384887047112","0.00195384887047112","0.00195384887047112"
"545","2724","2724","2724","0.01148420013487339","0.01148420013487339","0.01148420013487339"
"546","2729","2729","2729","0","0","0"
"547","2734","2734","2734","0.015152288600802422","0.015152288600802422","0.015152288600802422"
"548","2739","2739","2739","0","0","0"
"549","2744","2744","2744","0","0","0"
"550","2749","2749","2749","0","0","0"
"551","2754","2754","2754","0","0","0"
"552","2759","2759","2759","0.0060609146021306515","0.0060609146021306515","0.0060609146021306515"
"553","2764","2764","2764","0","0","0"
"554","2769","2769","2769","0","0","0"
"555","2774","2774","2774","0","0","0"
"556","2779","2779","2779","0.4242640733718872","0.4242640733718872","0.4242640733718872"
"557","2784","2784","2784","0.3564460873603821","0.3564460873603821","0.3564460873603821"
"558","2789","2789","2789","0.023708872497081757","0.023708872497081757","0.023708872497081757"
"559","2794","2794","2794","0","0","0"
"560","2799","2799","2799","0.0006043647299520671","0.0006043647299520671","0.0006043647299520671"
"561","2804","2804","2804","0.04242640733718872","0.04242640733718872","0.04242640733718872"
"562","2809","2809","2809","0","0","0"
"563","2814","2814","2814","0","0","0"
"564","2819","2819","2819","0.010878564789891243","0.010878564789891243","0.010878564789891243"
"565","2824","2824","2824","0.001674726139754057","0.001674726139754057","0.001674726139754057"
"566","2829","2829","2829","0.3656418025493622","0.3656418025493622","0.3656418025493622"
"567","2834","2834","2834","0","0","0"
"568","2839","2839","2839","0.015152289532124996","0.015152289532124996","0.015152289532124996"
"569","2844","2844","2844","0","0","0"
"570","2849","2849","2849","0","0","0"
"571","2854","2854","2854","0.005807232111692429","0.005807232111692429","0.005807232111692429"
"572","2859","2859","2859","0","0","0"
"573","2864","2864","2864","0.015540809370577335","0.015540809370577335","0.015540809370577335"
"574","2869","2869","2869","0","0","0"
"575","2874","2874","2874","0.035251352936029434","0.035251352936029434","0.035251352936029434"
"576","2879","2879","2879","0.010878564789891243","0.010878564789891243","0.010878564789891243"
"577","2884","2884","2884","0.009596449322998524","0.009596449322998524","0.009596449322998524"
"578","2889","2889","2889","0.013258252292871475","0.013258252292871475","0.013258252292871475"
"579","2894","2894","2894","0","0","0"
"580","2899","2899","2899","0","0","0"
"581","2904","2904","2904","0.016084739938378334","0.016084739938378334","0.016084739938378334"
"582","2909","2909","2909","0","0","0"
"583","2914","2914","2914","0","0","0"
"584","2919","2919","2919","0.01060660183429718","0.01060660183429718","0.01060660183429718"
"585","2924","2924","2924","0.02121320366859436","0.02121320366859436","0.02121320366859436"
"586","2929","2929","2929","0.8485281467437744","0.8485281467437744","0.8485281467437744"
"587","2934","2934","2934","0","0","0"
"588","2939","2939","2939","0.028927095234394073","0.028927095234394073","0.028927095234394073"
"589","2944","2944","2944","0.5303300619125366","0.5303300619125366","0.5303300619125366"
"590","2949","2949","2949","0","0","0"
"591","2954","2954","2954","0.4242640733718872","0.4242640733718872","0.4242640733718872"
"592","2959","2959","2959","0.01676853373646736","0.01676853373646736","0.01676853373646736"
"593","2964","2964","2964","0","0","0"
"594","2969","2969","2969","0.048599909991025925","0.048599909991025925","0.048599909991025925"
"595","2974","2974","2974","0.006842970382422209","0.006842970382422209","0.006842970382422209"
"596","2979","2979","2979","0.007231774739921093","0.007231774739921093","0.007231774739921093"
"597","2984","2984","2984","0.006921908352524042","0.006921908352524042","0.006921908352524042"
"598","2989","2989","2989","0.42779961228370667","0.42779961228370667","0.42779961228370667"
"599","2994","2994","2994","0.42603182792663574","0.42603182792663574","0.42603182792663574"
"600","2999","2999","2999","0.0058925561606884","0.0058925561606884","0.0058925561606884"
"601","3004","3004","3004","0.0034214837942272425","0.0034214837942272425","0.0034214837942272425"
"602","3009","3009","3009","0.4242640733718872","0.4242640733718872","0.4242640733718872"
"603","3014","3014","3014","0.026031237095594406","0.026031237095594406","0.026031237095594406"
"604","3019","3019","3019","0.014569509774446487","0.014569509774446487","0.014569509774446487"
"605","3024","3024","3024","0","0","0"
"606","3029","3029","3029","0.1767766922712326","0.1767766922712326","0.1767766922712326"
"607","3034","3034","3034","0.025402365252375603","0.025402365252375603","0.025402365252375603"
"608","3039","3039","3039","0.0009642362711019814","0.0009642362711019814","0.0009642362711019814"
"609","3044","3044","3044","0","0","0"
"610","3049","3049","3049","0.4242640733718872","0.4242640733718872","0.4242640733718872"
"611","3054","3054","3054","0.013419141992926598","0.013419141992926598","0.013419141992926598"
"612","3059","3059","3059","0","0","0"
"613","3064","3064","3064","0","0","0"
"614","3069","3069","3069","0.030189786106348038","0.030189786106348038","0.030189786106348038"
"615","3074","3074","3074","0","0","0"
"616","3079","3079","3079","0.009982685558497906","0.009982685558497906","0.009982685558497906"
"617","3084","3084","3084","0.004821183159947395","0.004821183159947395","0.004821183159947395"
"618","3089","3089","3089","0.002966881264001131","0.002966881264001131","0.002966881264001131"
"619","3094","3094","3094","0.4242640733718872","0.4242640733718872","0.4242640733718872"
"620","3099","3099","3099","0.011708586476743221","0.011708586476743221","0.011708586476743221"
"621","3104","3104","3104","0.009223131462931633","0.009223131462931633","0.009223131462931633"
"622","3109","3109","3109","0","0","0"
"623","3114","3114","3114","0","0","0"
"624","3119","3119","3119","0","0","0"
"625","3124","3124","3124","0.0046115657314658165","0.0046115657314658165","0.0046115657314658165"
"626","3129","3129","3129","0","0","0"
"627","3134","3134","3134","0.001515230513177812","0.001515230513177812","0.001515230513177812"
"628","3139","3139","3139","0.04242640733718872","0.04242640733718872","0.04242640733718872"
"629","3144","3144","3144","0.019099298864603043","0.019099298864603043","0.019099298864603043"
"630","3149","3149","3149","0.0044194171205163","0.0044194171205163","0.0044194171205163"
"631","3154","3154","3154","0","0","0"
"632","3159","3159","3159","0.010101525112986565","0.010101525112986565","0.010101525112986565"
"633","3164","3164","3164","0","0","0"
"634","3169","3169","3169","0","0","0"
"635","3174","3174","3174","0.030304577201604843","0.030304577201604843","0.030304577201604843"
"636","3179","3179","3179","0","0","0"
"637","3184","3184","3184","0.009518745355308056","0.009518745355308056","0.009518745355308056"
"638","3189","3189","3189","0","0","0"
"639","3194","3194","3194","0.0017677672440186143","0.0017677672440186143","0.0017677672440186143"
"640","3199","3199","3199","0","0","0"
"641","3204","3204","3204","0.0003899485745932907","0.0003899485745932907","0.0003899485745932907"
"642","3209","3209","3209","0.010417196899652481","0.010417196899652481","0.010417196899652481"
"643","3214","3214","3214","0","0","0"
"644","3219","3219","3219","0","0","0"
"645","3224","3224","3224","0.1826692521572113","0.1826692521572113","0.1826692521572113"
"646","3229","3229","3229","0.601040780544281","0.601040780544281","0.601040780544281"
"647","3234","3234","3234","0","0","0"
"648","3239","3239","3239","0","0","0"
"649","3244","3244","3244","0.0008035303326323628","0.0008035303326323628","0.0008035303326323628"
"650","3249","3249","3249","0.0009652115404605865","0.0009652115404605865","0.0009652115404605865"
"651","3254","3254","3254","0.4271051287651062","0.4271051287651062","0.4271051287651062"
"652","3259","3259","3259","0.00611919304355979","0.00611919304355979","0.00611919304355979"
"653","3264","3264","3264","0.019887378439307213","0.019887378439307213","0.019887378439307213"
"654","3269","3269","3269","0.01010152604430914","0.01010152604430914","0.01010152604430914"
"655","3274","3274","3274","0.010445895604789257","0.010445895604789257","0.010445895604789257"
"656","3279","3279","3279","0.4242640733718872","0.4242640733718872","0.4242640733718872"
"657","3284","3284","3284","0.02121320366859436","0.02121320366859436","0.02121320366859436"
"658","3289","3289","3289","0","0","0"
"659","3294","3294","3294","0.03881317004561424","0.03881317004561424","0.03881317004561424"
"660","3299","3299","3299","0.005050762556493282","0.005050762556493282","0.005050762556493282"
"661","3304","3304","3304","0","0","0"
"662","3309","3309","3309","0","0","0"
"663","3314","3314","3314","0.0014731390401721","0.0014731390401721","0.0014731390401721"
"664","3319","3319","3319","0.023864854127168655","0.023864854127168655","0.023864854127168655"
"665","3324","3324","3324","0.005050763953477144","0.005050763953477144","0.005050763953477144"
"666","3329","3329","3329","0","0","0"
"667","3334","3334","3334","0.01123051904141903","0.01123051904141903","0.01123051904141903"
"668","3339","3339","3339","0","0","0"
"669","3344","3344","3344","0.038569461554288864","0.038569461554288864","0.038569461554288864"
"670","3349","3349","3349","0","0","0"
"671","3354","3354","3354","0.02121320366859436","0.02121320366859436","0.02121320366859436"
"672","3359","3359","3359","0.0020966539159417152","0.0020966539159417152","0.0020966539159417152"
"673","3364","3364","3364","0.0019551331643015146","0.0019551331643015146","0.0019551331643015146"
"674","3369","3369","3369","0.4242640733718872","0.4242640733718872","0.4242640733718872"
"675","3374","3374","3374","0.02121320366859436","0.02121320366859436","0.02121320366859436"
"676","3379","3379","3379","0.013889597728848457","0.013889597728848457","0.013889597728848457"
"677","3384","3384","3384","0","0","0"
"678","3389","3389","3389","0.001515230513177812","0.001515230513177812","0.001515230513177812"
"679","3394","3394","3394","0","0","0"
"680","3399","3399","3399","0.00203973101451993","0.00203973101451993","0.00203973101451993"
"681","3404","3404","3404","0.01164646539837122","0.01164646539837122","0.01164646539837122"
"682","3409","3409","3409","0","0","0"
"683","3414","3414","3414","0","0","0"
"684","3419","3419","3419","0.0010101519292220473","0.0010101519292220473","0.0010101519292220473"
"685","3424","3424","3424","0.0008783937082625926","0.0008783937082625926","0.0008783937082625926"
"686","3429","3429","3429","0.1820800006389618","0.1820800006389618","0.1820800006389618"
"687","3434","3434","3434","0.019284730777144432","0.019284730777144432","0.019284730777144432"
"688","3439","3439","3439","0","0","0"
"689","3444","3444","3444","0.015152288600802422","0.015152288600802422","0.015152288600802422"
"690","3449","3449","3449","0","0","0"
"691","3454","3454","3454","0.0014463560655713081","0.0014463560655713081","0.0014463560655713081"
"692","3459","3459","3459","0.027332397177815437","0.027332397177815437","0.027332397177815437"
"693","3464","3464","3464","0.4358349144458771","0.4358349144458771","0.4358349144458771"
"694","3469","3469","3469","0.01944543793797493","0.01944543793797493","0.01944543793797493"
"695","3474","3474","3474","0.003367176279425621","0.003367176279425621","0.003367176279425621"
"696","3479","3479","3479","0","0","0"
"697","3484","3484","3484","0.02374102547764778","0.02374102547764778","0.02374102547764778"
"698","3489","3489","3489","0.01116484310477972","0.01116484310477972","0.01116484310477972"
"699","3494","3494","3494","0.0007314901449717581","0.0007314901449717581","0.0007314901449717581"
"700","3499","3499","3499","0.8485281467437744","0.8485281467437744","0.8485281467437744"
"701","3504","3504","3504","0","0","0"
"702","3509","3509","3509","0.43157896399497986","0.43157896399497986","0.43157896399497986"
"703","3514","3514","3514","0.019697971642017365","0.019697971642017365","0.019697971642017365"
"704","3519","3519","3519","0.016181867569684982","0.016181867569684982","0.016181867569684982"
"705","3524","3524","3524","0.012478356249630451","0.012478356249630451","0.012478356249630451"
"706","3529","3529","3529","0.4242640733718872","0.4242640733718872","0.4242640733718872"
"707","3534","3534","3534","0.03036399558186531","0.03036399558186531","0.03036399558186531"
"708","3539","3539","3539","0.00701494887471199","0.00701494887471199","0.00701494887471199"
"709","3544","3544","3544","0.018561553210020065","0.018561553210020065","0.018561553210020065"
"710","3549","3549","3549","0.00349772023037076","0.00349772023037076","0.00349772023037076"
"711","3554","3554","3554","0.44547727704048157","0.44547727704048157","0.44547727704048157"
"712","3559","3559","3559","0.4242640733718872","0.4242640733718872","0.4242640733718872"
"713","3564","3564","3564","0.0024105890188366175","0.0024105890188366175","0.0024105890188366175"
"714","3569","3569","3569","0.009804422035813332","0.009804422035813332","0.009804422035813332"