"train/global_step","qwen3vl_rl - _step","qwen3vl_rl - _step__MIN","qwen3vl_rl - _step__MAX","qwen3vl_rl - train/rewards/combined_reward/std","qwen3vl_rl - train/rewards/combined_reward/std__MIN","qwen3vl_rl - train/rewards/combined_reward/std__MAX"
"1","4","4","4","0.11547005921602249","0.11547005921602249","0.11547005921602249"
"2","9","9","9","0.02134374901652336","0.02134374901652336","0.02134374901652336"
"3","14","14","14","0.03464101627469063","0.03464101627469063","0.03464101627469063"
"4","19","19","19","0.5999999642372131","0.5999999642372131","0.5999999642372131"
"5","24","24","24","0","0","0"
"6","29","29","29","0.01936408318579197","0.01936408318579197","0.01936408318579197"
"7","34","34","34","0.03247595205903053","0.03247595205903053","0.03247595205903053"
"8","39","39","39","0.06336137652397156","0.06336137652397156","0.06336137652397156"
"9","44","44","44","0.029999999329447746","0.029999999329447746","0.029999999329447746"
"10","49","49","49","0.5773502588272095","0.5773502588272095","0.5773502588272095"
"11","54","54","54","0.018355606123805046","0.018355606123805046","0.018355606123805046"
"12","59","59","59","0.002165063749998808","0.002165063749998808","0.002165063749998808"
"13","64","64","64","0.018570417538285255","0.018570417538285255","0.018570417538285255"
"14","69","69","69","0.485103577375412","0.485103577375412","0.485103577375412"
"15","74","74","74","0.026111647486686707","0.026111647486686707","0.026111647486686707"
"16","79","79","79","0.03035714477300644","0.03035714477300644","0.03035714477300644"
"17","84","84","84","0.013989481143653393","0.013989481143653393","0.013989481143653393"
"18","89","89","89","0.14075219631195068","0.14075219631195068","0.14075219631195068"
"19","94","94","94","0.1500673145055771","0.1500673145055771","0.1500673145055771"
"20","99","99","99","0.5773502588272095","0.5773502588272095","0.5773502588272095"
"21","104","104","104","0.017902562394738197","0.017902562394738197","0.017902562394738197"
"22","109","109","109","0.010294541716575623","0.010294541716575623","0.010294541716575623"
"23","114","114","114","0.05560320243239403","0.05560320243239403","0.05560320243239403"
"24","119","119","119","0.01717960834503174","0.01717960834503174","0.01717960834503174"
"25","124","124","124","0.5999999642372131","0.5999999642372131","0.5999999642372131"
"26","129","129","129","0.03162216767668724","0.03162216767668724","0.03162216767668724"
"27","134","134","134","0.6928203105926514","0.6928203105926514","0.6928203105926514"
"28","139","139","139","0.009866628795862198","0.009866628795862198","0.009866628795862198"
"29","144","144","144","0.5364439487457275","0.5364439487457275","0.5364439487457275"
"30","149","149","149","0.04330126941204071","0.04330126941204071","0.04330126941204071"
"31","154","154","154","0.016535107046365738","0.016535107046365738","0.016535107046365738"
"32","159","159","159","0.5277625918388367","0.5277625918388367","0.5277625918388367"
"33","164","164","164","0.1374368518590927","0.1374368518590927","0.1374368518590927"
"34","169","169","169","0.15758496522903442","0.15758496522903442","0.15758496522903442"
"35","174","174","174","0.7071067690849304","0.7071067690849304","0.7071067690849304"
"36","179","179","179","0.538413941860199","0.538413941860199","0.538413941860199"
"37","184","184","184","0","0","0"
"38","189","189","189","0","0","0"
"39","194","194","194","0.06546083837747574","0.06546083837747574","0.06546083837747574"
"40","199","199","199","0.04898979514837265","0.04898979514837265","0.04898979514837265"
"41","204","204","204","0","0","0"
"42","209","209","209","0","0","0"
"43","214","214","214","0.5196152329444885","0.5196152329444885","0.5196152329444885"
"44","219","219","219","0.005769231356680393","0.005769231356680393","0.005769231356680393"
"45","224","224","224","0.5416025519371033","0.5416025519371033","0.5416025519371033"
"46","229","229","229","0.03155946731567383","0.03155946731567383","0.03155946731567383"
"47","234","234","234","0.013636363670229912","0.013636363670229912","0.013636363670229912"
"48","239","239","239","0.03464101627469063","0.03464101627469063","0.03464101627469063"
"49","244","244","244","0.035686228424310684","0.035686228424310684","0.035686228424310684"
"50","249","249","249","0.5416025519371033","0.5416025519371033","0.5416025519371033"
"51","254","254","254","0.05424555018544197","0.05424555018544197","0.05424555018544197"
"52","259","259","259","0.2731150686740875","0.2731150686740875","0.2731150686740875"
"53","264","264","264","0.061131205409765244","0.061131205409765244","0.061131205409765244"
"54","269","269","269","0.540245771408081","0.540245771408081","0.540245771408081"
"55","274","274","274","0.03168703243136406","0.03168703243136406","0.03168703243136406"
"56","279","279","279","0.5617147088050842","0.5617147088050842","0.5617147088050842"
"57","284","284","284","0.02500000037252903","0.02500000037252903","0.02500000037252903"
"58","289","289","289","0.02500000037252903","0.02500000037252903","0.02500000037252903"
"59","294","294","294","0.007058821618556976","0.007058821618556976","0.007058821618556976"
"60","299","299","299","0.025660011917352676","0.025660011917352676","0.025660011917352676"
"61","304","304","304","0.016350748017430305","0.016350748017430305","0.016350748017430305"
"62","309","309","309","0.02734503336250782","0.02734503336250782","0.02734503336250782"
"63","314","314","314","0.5416025519371033","0.5416025519371033","0.5416025519371033"
"64","319","319","319","0.14336062967777252","0.14336062967777252","0.14336062967777252"
"65","324","324","324","0.036130983382463455","0.036130983382463455","0.036130983382463455"
"66","329","329","329","0.054549649357795715","0.054549649357795715","0.054549649357795715"
"67","334","334","334","0.04041241854429245","0.04041241854429245","0.04041241854429245"
"68","339","339","339","0.5614768266677856","0.5614768266677856","0.5614768266677856"
"69","344","344","344","0.1587713360786438","0.1587713360786438","0.1587713360786438"
"70","349","349","349","0.14996713399887085","0.14996713399887085","0.14996713399887085"
"71","354","354","354","0.023999998345971107","0.023999998345971107","0.023999998345971107"
"72","359","359","359","0","0","0"
"73","364","364","364","0.03997040539979935","0.03997040539979935","0.03997040539979935"
"74","369","369","369","0.012211938388645649","0.012211938388645649","0.012211938388645649"
"75","374","374","374","0.5273065567016602","0.5273065567016602","0.5273065567016602"
"76","379","379","379","0.06928203254938126","0.06928203254938126","0.06928203254938126"
"77","384","384","384","0.03110424615442753","0.03110424615442753","0.03110424615442753"
"78","389","389","389","0.13252712786197662","0.13252712786197662","0.13252712786197662"
"79","394","394","394","0.5541574954986572","0.5541574954986572","0.5541574954986572"
"80","399","399","399","0.5773502588272095","0.5773502588272095","0.5773502588272095"
"81","404","404","404","0","0","0"
"82","409","409","409","0.06928203254938126","0.06928203254938126","0.06928203254938126"
"83","414","414","414","0.020518455654382706","0.020518455654382706","0.020518455654382706"
"84","419","419","419","0.04285714775323868","0.04285714775323868","0.04285714775323868"
"85","424","424","424","0.018566850572824478","0.018566850572824478","0.018566850572824478"
"86","429","429","429","0.542709231376648","0.542709231376648","0.542709231376648"
"87","434","434","434","0.014433757402002811","0.014433757402002811","0.014433757402002811"
"88","439","439","439","0.03464101627469063","0.03464101627469063","0.03464101627469063"
"89","444","444","444","0.5383704304695129","0.5383704304695129","0.5383704304695129"
"90","449","449","449","0.13615655899047852","0.13615655899047852","0.13615655899047852"
"91","454","454","454","0.05137180536985397","0.05137180536985397","0.05137180536985397"
"92","459","459","459","0.5416025519371033","0.5416025519371033","0.5416025519371033"
"93","464","464","464","0.52320796251297","0.52320796251297","0.52320796251297"
"94","469","469","469","0","0","0"
"95","474","474","474","0.13761189579963684","0.13761189579963684","0.13761189579963684"
"96","479","479","479","0.047514770179986954","0.047514770179986954","0.047514770179986954"
"97","484","484","484","0.007314614951610565","0.007314614951610565","0.007314614951610565"
"98","489","489","489","0.5416025519371033","0.5416025519371033","0.5416025519371033"
"99","494","494","494","0.1374368518590927","0.1374368518590927","0.1374368518590927"
"100","499","499","499","0","0","0"
"101","504","504","504","0.5388426184654236","0.5388426184654236","0.5388426184654236"
"102","509","509","509","0.8660253882408142","0.8660253882408142","0.8660253882408142"
"103","514","514","514","0.0510995090007782","0.0510995090007782","0.0510995090007782"
"104","519","519","519","0.024785859510302544","0.024785859510302544","0.024785859510302544"
"105","524","524","524","0.5557933449745178","0.5557933449745178","0.5557933449745178"
"106","529","529","529","0.024756629019975662","0.024756629019975662","0.024756629019975662"
"107","534","534","534","0.13602519035339355","0.13602519035339355","0.13602519035339355"
"108","539","539","539","0.526847243309021","0.526847243309021","0.526847243309021"
"109","544","544","544","0.03464101627469063","0.03464101627469063","0.03464101627469063"
"110","549","549","549","0.02573048509657383","0.02573048509657383","0.02573048509657383"
"111","554","554","554","0.06928203254938126","0.06928203254938126","0.06928203254938126"
"112","559","559","559","0.5773502588272095","0.5773502588272095","0.5773502588272095"
"113","564","564","564","0.01979486458003521","0.01979486458003521","0.01979486458003521"
"114","569","569","569","0.02474358305335045","0.02474358305335045","0.02474358305335045"
"115","574","574","574","0.5423609614372253","0.5423609614372253","0.5423609614372253"
"116","579","579","579","0.022845523431897163","0.022845523431897163","0.022845523431897163"
"117","584","584","584","0.007738095708191395","0.007738095708191395","0.007738095708191395"
"118","589","589","589","0.03137417510151863","0.03137417510151863","0.03137417510151863"
"119","594","594","594","0.03464101627469063","0.03464101627469063","0.03464101627469063"
"120","599","599","599","0.5353730916976929","0.5353730916976929","0.5353730916976929"
"121","604","604","604","0","0","0"
"122","609","609","609","0.25557446479797363","0.25557446479797363","0.25557446479797363"
"123","614","614","614","0.01128154993057251","0.01128154993057251","0.01128154993057251"
"124","619","619","619","0.02686350792646408","0.02686350792646408","0.02686350792646408"
"125","624","624","624","0.022530589252710342","0.022530589252710342","0.022530589252710342"
"126","629","629","629","0.019484251737594604","0.019484251737594604","0.019484251737594604"
"127","634","634","634","0.05999999865889549","0.05999999865889549","0.05999999865889549"
"128","639","639","639","0.5270568132400513","0.5270568132400513","0.5270568132400513"
"129","644","644","644","0.5416025519371033","0.5416025519371033","0.5416025519371033"
"130","649","649","649","0.01758592389523983","0.01758592389523983","0.01758592389523983"
"131","654","654","654","0.5773502588272095","0.5773502588272095","0.5773502588272095"
"132","659","659","659","0.05094267427921295","0.05094267427921295","0.05094267427921295"
"133","664","664","664","0.12249462306499481","0.12249462306499481","0.12249462306499481"
"134","669","669","669","0.06928203254938126","0.06928203254938126","0.06928203254938126"
"135","674","674","674","0.5474502444267273","0.5474502444267273","0.5474502444267273"
"136","679","679","679","0.4787135720252991","0.4787135720252991","0.4787135720252991"
"137","684","684","684","0.03464101627469063","0.03464101627469063","0.03464101627469063"
"138","689","689","689","0.03970802575349808","0.03970802575349808","0.03970802575349808"
"139","694","694","694","0.5773502588272095","0.5773502588272095","0.5773502588272095"
"140","699","699","699","0.05271881818771362","0.05271881818771362","0.05271881818771362"
"141","704","704","704","0.03464101627469063","0.03464101627469063","0.03464101627469063"
"142","709","709","709","0.5773502588272095","0.5773502588272095","0.5773502588272095"
"143","714","714","714","0.5476722717285156","0.5476722717285156","0.5476722717285156"
"144","719","719","719","0.04802343621850014","0.04802343621850014","0.04802343621850014"
"145","724","724","724","0.12791146337985992","0.12791146337985992","0.12791146337985992"
"146","729","729","729","0.5310540795326233","0.5310540795326233","0.5310540795326233"
"147","734","734","734","0.010912091471254826","0.010912091471254826","0.010912091471254826"
"148","739","739","739","0.04256738722324371","0.04256738722324371","0.04256738722324371"
"149","744","744","744","0.5121760964393616","0.5121760964393616","0.5121760964393616"
"150","749","749","749","0.03823048621416092","0.03823048621416092","0.03823048621416092"
"151","754","754","754","0.012990378774702549","0.012990378774702549","0.012990378774702549"
"152","759","759","759","0.0054887570440769196","0.0054887570440769196","0.0054887570440769196"
"153","764","764","764","0.028722813352942467","0.028722813352942467","0.028722813352942467"
"154","769","769","769","0.12124355882406235","0.12124355882406235","0.12124355882406235"
"155","774","774","774","0.5773502588272095","0.5773502588272095","0.5773502588272095"
"156","779","779","779","0.5416025519371033","0.5416025519371033","0.5416025519371033"
"157","784","784","784","0.5620456337928772","0.5620456337928772","0.5620456337928772"
"158","789","789","789","0.5605652332305908","0.5605652332305908","0.5605652332305908"
"159","794","794","794","0.5158811211585999","0.5158811211585999","0.5158811211585999"
"160","799","799","799","0.06482883542776108","0.06482883542776108","0.06482883542776108"
"161","804","804","804","0.012245039455592632","0.012245039455592632","0.012245039455592632"
"162","809","809","809","0","0","0"
"163","814","814","814","0.16538089513778687","0.16538089513778687","0.16538089513778687"
"164","819","819","819","0.005933641921728849","0.005933641921728849","0.005933641921728849"
"165","824","824","824","0.5773502588272095","0.5773502588272095","0.5773502588272095"
"166","829","829","829","0.038676150143146515","0.038676150143146515","0.038676150143146515"
"167","834","834","834","0","0","0"
"168","839","839","839","0.5281530022621155","0.5281530022621155","0.5281530022621155"
"169","844","844","844","0.03163701668381691","0.03163701668381691","0.03163701668381691"
"170","849","849","849","0.5673447847366333","0.5673447847366333","0.5673447847366333"
"171","854","854","854","0.1649572253227234","0.1649572253227234","0.1649572253227234"
"172","859","859","859","0.006536770612001419","0.006536770612001419","0.006536770612001419"
"173","864","864","864","0.5728285312652588","0.5728285312652588","0.5728285312652588"
"174","869","869","869","0.5605294108390808","0.5605294108390808","0.5605294108390808"
"175","874","874","874","0.538413941860199","0.538413941860199","0.538413941860199"
"176","879","879","879","0.5999999642372131","0.5999999642372131","0.5999999642372131"
"177","884","884","884","0.006415002979338169","0.006415002979338169","0.006415002979338169"
"178","889","889","889","0","0","0"
"179","894","894","894","0.5102424621582031","0.5102424621582031","0.5102424621582031"
"180","899","899","899","0.02003374695777893","0.02003374695777893","0.02003374695777893"
"181","904","904","904","0.5287933349609375","0.5287933349609375","0.5287933349609375"
"182","909","909","909","0.5278405547142029","0.5278405547142029","0.5278405547142029"
"183","914","914","914","0.5605652332305908","0.5605652332305908","0.5605652332305908"
"184","919","919","919","0.5474502444267273","0.5474502444267273","0.5474502444267273"
"185","924","924","924","0.04285714775323868","0.04285714775323868","0.04285714775323868"
"186","929","929","929","0.5640268325805664","0.5640268325805664","0.5640268325805664"
"187","934","934","934","0.15011106431484222","0.15011106431484222","0.15011106431484222"
"188","939","939","939","0.021129611879587173","0.021129611879587173","0.021129611879587173"
"189","944","944","944","0.5999999642372131","0.5999999642372131","0.5999999642372131"
"190","949","949","949","0","0","0"
"191","954","954","954","0.04535500332713127","0.04535500332713127","0.04535500332713127"
"192","959","959","959","0.023447776213288307","0.023447776213288307","0.023447776213288307"
"193","964","964","964","0.11547005921602249","0.11547005921602249","0.11547005921602249"
"194","969","969","969","0.16588251292705536","0.16588251292705536","0.16588251292705536"
"195","974","974","974","0.03272922709584236","0.03272922709584236","0.03272922709584236"
"196","979","979","979","0.13573871552944183","0.13573871552944183","0.13573871552944183"
"197","984","984","984","0.5121760964393616","0.5121760964393616","0.5121760964393616"
"198","989","989","989","0.02500000037252903","0.02500000037252903","0.02500000037252903"
"199","994","994","994","0.533594012260437","0.533594012260437","0.533594012260437"
"200","999","999","999","0.5773502588272095","0.5773502588272095","0.5773502588272095"
"201","1004","1004","1004","0.00357142835855484","0.00357142835855484","0.00357142835855484"
"202","1009","1009","1009","0.5416025519371033","0.5416025519371033","0.5416025519371033"
"203","1014","1014","1014","0.4126338064670563","0.4126338064670563","0.4126338064670563"
"204","1019","1019","1019","0.5277625918388367","0.5277625918388367","0.5277625918388367"
"205","1024","1024","1024","0.03997040539979935","0.03997040539979935","0.03997040539979935"
"206","1029","1029","1029","0.15605781972408295","0.15605781972408295","0.15605781972408295"
"207","1034","1034","1034","0.02262733317911625","0.02262733317911625","0.02262733317911625"
"208","1039","1039","1039","0.5773502588272095","0.5773502588272095","0.5773502588272095"
"209","1044","1044","1044","0.012830005958676338","0.012830005958676338","0.012830005958676338"
"210","1049","1049","1049","0.01595470681786537","0.01595470681786537","0.01595470681786537"
"211","1054","1054","1054","0.05999999865889549","0.05999999865889549","0.05999999865889549"
"212","1059","1059","1059","0.054614074528217316","0.054614074528217316","0.054614074528217316"
"213","1064","1064","1064","0.5516566634178162","0.5516566634178162","0.5516566634178162"
"214","1069","1069","1069","0.05999999865889549","0.05999999865889549","0.05999999865889549"
"215","1074","1074","1074","0","0","0"
"216","1079","1079","1079","0.021377017721533775","0.021377017721533775","0.021377017721533775"
"217","1084","1084","1084","0.30255475640296936","0.30255475640296936","0.30255475640296936"
"218","1089","1089","1089","0.1687639355659485","0.1687639355659485","0.1687639355659485"
"219","1094","1094","1094","0.029999999329447746","0.029999999329447746","0.029999999329447746"
"220","1099","1099","1099","0.029270559549331665","0.029270559549331665","0.029270559549331665"
"221","1104","1104","1104","0.33280062675476074","0.33280062675476074","0.33280062675476074"
"222","1109","1109","1109","0.05598898231983185","0.05598898231983185","0.05598898231983185"
"223","1114","1114","1114","0.015789473429322243","0.015789473429322243","0.015789473429322243"
"224","1119","1119","1119","0.5538433194160461","0.5538433194160461","0.5538433194160461"
"225","1124","1124","1124","0.5714401006698608","0.5714401006698608","0.5714401006698608"
"226","1129","1129","1129","0.04330126941204071","0.04330126941204071","0.04330126941204071"
"227","1134","1134","1134","0.02500000037252903","0.02500000037252903","0.02500000037252903"
"228","1139","1139","1139","0","0","0"
"229","1144","1144","1144","0.11547005921602249","0.11547005921602249","0.11547005921602249"
"230","1149","1149","1149","0.029999999329447746","0.029999999329447746","0.029999999329447746"
"231","1154","1154","1154","0.05044183507561684","0.05044183507561684","0.05044183507561684"
"232","1159","1159","1159","0.12043564766645432","0.12043564766645432","0.12043564766645432"
"233","1164","1164","1164","0.5605652332305908","0.5605652332305908","0.5605652332305908"
"234","1169","1169","1169","0.027212662622332573","0.027212662622332573","0.027212662622332573"
"235","1174","1174","1174","0.024818869307637215","0.024818869307637215","0.024818869307637215"
"236","1179","1179","1179","0.05666666477918625","0.05666666477918625","0.05666666477918625"
"237","1184","1184","1184","0.1500673145055771","0.1500673145055771","0.1500673145055771"
"238","1189","1189","1189","0.05766206234693527","0.05766206234693527","0.05766206234693527"
"239","1194","1194","1194","0.6928203105926514","0.6928203105926514","0.6928203105926514"
"240","1199","1199","1199","0.056623756885528564","0.056623756885528564","0.056623756885528564"
"241","1204","1204","1204","0.5416025519371033","0.5416025519371033","0.5416025519371033"
"242","1209","1209","1209","0.023090669885277748","0.023090669885277748","0.023090669885277748"
"243","1214","1214","1214","0.0290056299418211","0.0290056299418211","0.0290056299418211"
"244","1219","1219","1219","0.5773502588272095","0.5773502588272095","0.5773502588272095"
"245","1224","1224","1224","0.026363668963313103","0.026363668963313103","0.026363668963313103"
"246","1229","1229","1229","0.5773502588272095","0.5773502588272095","0.5773502588272095"
"247","1234","1234","1234","0.007615500129759312","0.007615500129759312","0.007615500129759312"
"248","1239","1239","1239","0.009622504934668541","0.009622504934668541","0.009622504934668541"
"249","1244","1244","1244","0.013081894256174564","0.013081894256174564","0.013081894256174564"
"250","1249","1249","1249","0.036148156970739365","0.036148156970739365","0.036148156970739365"
"251","1254","1254","1254","0.25","0.25","0.25"
"252","1259","1259","1259","0.03537742793560028","0.03537742793560028","0.03537742793560028"
"253","1264","1264","1264","0.17320507764816284","0.17320507764816284","0.17320507764816284"
"254","1269","1269","1269","0","0","0"
"255","1274","1274","1274","0.026646936312317848","0.026646936312317848","0.026646936312317848"
"256","1279","1279","1279","0.06418776512145996","0.06418776512145996","0.06418776512145996"
"257","1284","1284","1284","0.536250650882721","0.536250650882721","0.536250650882721"
"258","1289","1289","1289","0.026099151000380516","0.026099151000380516","0.026099151000380516"
"259","1294","1294","1294","0.30517086386680603","0.30517086386680603","0.30517086386680603"
"260","1299","1299","1299","0.04455541446805","0.04455541446805","0.04455541446805"
"261","1304","1304","1304","0.5246030688285828","0.5246030688285828","0.5246030688285828"
"262","1309","1309","1309","0.049165621399879456","0.049165621399879456","0.049165621399879456"
"263","1314","1314","1314","0.03750000521540642","0.03750000521540642","0.03750000521540642"
"264","1319","1319","1319","0","0","0"
"265","1324","1324","1324","0.563407838344574","0.563407838344574","0.563407838344574"
"266","1329","1329","1329","0","0","0"
"267","1334","1334","1334","0.0023811913561075926","0.0023811913561075926","0.0023811913561075926"
"268","1339","1339","1339","0.013353218324482441","0.013353218324482441","0.013353218324482441"
"269","1344","1344","1344","0.031578946858644485","0.031578946858644485","0.031578946858644485"
"270","1349","1349","1349","0.5080682635307312","0.5080682635307312","0.5080682635307312"
"271","1354","1354","1354","0.5402349233627319","0.5402349233627319","0.5402349233627319"
"272","1359","1359","1359","0.04898979514837265","0.04898979514837265","0.04898979514837265"
"273","1364","1364","1364","0.04044554382562637","0.04044554382562637","0.04044554382562637"
"274","1369","1369","1369","0.012247450649738312","0.012247450649738312","0.012247450649738312"
"275","1374","1374","1374","0.007499999832361937","0.007499999832361937","0.007499999832361937"
"276","1379","1379","1379","0.007948425598442554","0.007948425598442554","0.007948425598442554"
"277","1384","1384","1384","0.03666666895151138","0.03666666895151138","0.03666666895151138"
"278","1389","1389","1389","0.03711537644267082","0.03711537644267082","0.03711537644267082"
"279","1394","1394","1394","0.04716503992676735","0.04716503992676735","0.04716503992676735"
"280","1399","1399","1399","0.001501672901213169","0.001501672901213169","0.001501672901213169"
"281","1404","1404","1404","0.5514035224914551","0.5514035224914551","0.5514035224914551"
"282","1409","1409","1409","0.01777072437107563","0.01777072437107563","0.01777072437107563"
"283","1414","1414","1414","0.023411808535456657","0.023411808535456657","0.023411808535456657"
"284","1419","1419","1419","0.6928203105926514","0.6928203105926514","0.6928203105926514"
"285","1424","1424","1424","0.03829975798726082","0.03829975798726082","0.03829975798726082"
"286","1429","1429","1429","0.029999999329447746","0.029999999329447746","0.029999999329447746"
"287","1434","1434","1434","0.1330874264240265","0.1330874264240265","0.1330874264240265"
"288","1439","1439","1439","0.5263276100158691","0.5263276100158691","0.5263276100158691"
"289","1444","1444","1444","0.05640833079814911","0.05640833079814911","0.05640833079814911"
"290","1449","1449","1449","0.03228021040558815","0.03228021040558815","0.03228021040558815"
"291","1454","1454","1454","0.5773502588272095","0.5773502588272095","0.5773502588272095"
"292","1459","1459","1459","0.542709231376648","0.542709231376648","0.542709231376648"
"293","1464","1464","1464","0","0","0"
"294","1469","1469","1469","0.014677658677101135","0.014677658677101135","0.014677658677101135"
"295","1474","1474","1474","0.11547005921602249","0.11547005921602249","0.11547005921602249"
"296","1479","1479","1479","0.04590316489338875","0.04590316489338875","0.04590316489338875"
"297","1484","1484","1484","0.5999999642372131","0.5999999642372131","0.5999999642372131"
"298","1489","1489","1489","0.5416025519371033","0.5416025519371033","0.5416025519371033"
"299","1494","1494","1494","0.040909089148044586","0.040909089148044586","0.040909089148044586"
"300","1499","1499","1499","0.04008879140019417","0.04008879140019417","0.04008879140019417"
"301","1504","1504","1504","0.052910447120666504","0.052910447120666504","0.052910447120666504"
"302","1509","1509","1509","0.04120054841041565","0.04120054841041565","0.04120054841041565"
"303","1514","1514","1514","0.002165063749998808","0.002165063749998808","0.002165063749998808"
"304","1519","1519","1519","0.5999999642372131","0.5999999642372131","0.5999999642372131"
"305","1524","1524","1524","0.030214080587029457","0.030214080587029457","0.030214080587029457"
"306","1529","1529","1529","0.016339879482984543","0.016339879482984543","0.016339879482984543"
"307","1534","1534","1534","0.469041645526886","0.469041645526886","0.469041645526886"
"308","1539","1539","1539","0.017320508137345314","0.017320508137345314","0.017320508137345314"
"309","1544","1544","1544","0.04257645830512047","0.04257645830512047","0.04257645830512047"
"310","1549","1549","1549","0.5416025519371033","0.5416025519371033","0.5416025519371033"
"311","1554","1554","1554","0.02474358305335045","0.02474358305335045","0.02474358305335045"
"312","1559","1559","1559","0.15605781972408295","0.15605781972408295","0.15605781972408295"
"313","1564","1564","1564","0.14603567123413086","0.14603567123413086","0.14603567123413086"
"314","1569","1569","1569","0.8660253882408142","0.8660253882408142","0.8660253882408142"
"315","1574","1574","1574","0.029999999329447746","0.029999999329447746","0.029999999329447746"
"316","1579","1579","1579","0.051049914211034775","0.051049914211034775","0.051049914211034775"
"317","1584","1584","1584","0.04285714775323868","0.04285714775323868","0.04285714775323868"
"318","1589","1589","1589","0.02474358305335045","0.02474358305335045","0.02474358305335045"
"319","1594","1594","1594","0.5555395483970642","0.5555395483970642","0.5555395483970642"
"320","1599","1599","1599","0.050557155162096024","0.050557155162096024","0.050557155162096024"
"321","1604","1604","1604","0.15011106431484222","0.15011106431484222","0.15011106431484222"
"322","1609","1609","1609","0.020564937964081764","0.020564937964081764","0.020564937964081764"
"323","1614","1614","1614","0.14199143648147583","0.14199143648147583","0.14199143648147583"
"324","1619","1619","1619","0.009897432290017605","0.009897432290017605","0.009897432290017605"
"325","1624","1624","1624","0.5225890874862671","0.5225890874862671","0.5225890874862671"
"326","1629","1629","1629","0.1445683240890503","0.1445683240890503","0.1445683240890503"
"327","1634","1634","1634","0.542709231376648","0.542709231376648","0.542709231376648"
"328","1639","1639","1639","0.04723775014281273","0.04723775014281273","0.04723775014281273"
"329","1644","1644","1644","0.05412658676505089","0.05412658676505089","0.05412658676505089"
"330","1649","1649","1649","0.6928203105926514","0.6928203105926514","0.6928203105926514"
"331","1654","1654","1654","0.03247595205903053","0.03247595205903053","0.03247595205903053"
"332","1659","1659","1659","0.5773502588272095","0.5773502588272095","0.5773502588272095"
"333","1664","1664","1664","0.03602176904678345","0.03602176904678345","0.03602176904678345"
"334","1669","1669","1669","0.5773502588272095","0.5773502588272095","0.5773502588272095"
"335","1674","1674","1674","0.0414399690926075","0.0414399690926075","0.0414399690926075"
"336","1679","1679","1679","0","0","0"
"337","1684","1684","1684","0.5416025519371033","0.5416025519371033","0.5416025519371033"
"338","1689","1689","1689","0.12112482637166977","0.12112482637166977","0.12112482637166977"
"339","1694","1694","1694","0.023947222158312798","0.023947222158312798","0.023947222158312798"
"340","1699","1699","1699","0.0494871661067009","0.0494871661067009","0.0494871661067009"
"341","1704","1704","1704","0.03464101627469063","0.03464101627469063","0.03464101627469063"
"342","1709","1709","1709","0.568821907043457","0.568821907043457","0.568821907043457"
"343","1714","1714","1714","0.03073088824748993","0.03073088824748993","0.03073088824748993"
"344","1719","1719","1719","0.028804296627640724","0.028804296627640724","0.028804296627640724"
"345","1724","1724","1724","0.061131205409765244","0.061131205409765244","0.061131205409765244"
"346","1729","1729","1729","0.023500485345721245","0.023500485345721245","0.023500485345721245"
"347","1734","1734","1734","0.5416025519371033","0.5416025519371033","0.5416025519371033"
"348","1739","1739","1739","0.5449159145355225","0.5449159145355225","0.5449159145355225"
"349","1744","1744","1744","0.022822558879852295","0.022822558879852295","0.022822558879852295"
"350","1749","1749","1749","0.01018853485584259","0.01018853485584259","0.01018853485584259"
"351","1754","1754","1754","0.009375001303851604","0.009375001303851604","0.009375001303851604"
"352","1759","1759","1759","0.06541858613491058","0.06541858613491058","0.06541858613491058"
"353","1764","1764","1764","0.18475209176540375","0.18475209176540375","0.18475209176540375"
"354","1769","1769","1769","0.534438967704773","0.534438967704773","0.534438967704773"
"355","1774","1774","1774","0.02511291205883026","0.02511291205883026","0.02511291205883026"
"356","1779","1779","1779","0.542709231376648","0.542709231376648","0.542709231376648"
"357","1784","1784","1784","0.028867514804005623","0.028867514804005623","0.028867514804005623"
"358","1789","1789","1789","0","0","0"
"359","1794","1794","1794","0.029127540066838264","0.029127540066838264","0.029127540066838264"
"360","1799","1799","1799","0.026646936312317848","0.026646936312317848","0.026646936312317848"
"361","1804","1804","1804","0.03997040539979935","0.03997040539979935","0.03997040539979935"
"362","1809","1809","1809","0.0217713825404644","0.0217713825404644","0.0217713825404644"
"363","1814","1814","1814","0.015118437819182873","0.015118437819182873","0.015118437819182873"
"364","1819","1819","1819","0","0","0"
"365","1824","1824","1824","0.04354395717382431","0.04354395717382431","0.04354395717382431"
"366","1829","1829","1829","0.03997040539979935","0.03997040539979935","0.03997040539979935"
"367","1834","1834","1834","0.32296425104141235","0.32296425104141235","0.32296425104141235"
"368","1839","1839","1839","0.013549583032727242","0.013549583032727242","0.013549583032727242"
"369","1844","1844","1844","0.039078887552022934","0.039078887552022934","0.039078887552022934"
"370","1849","1849","1849","0.05259910970926285","0.05259910970926285","0.05259910970926285"
"371","1854","1854","1854","0.026608269661664963","0.026608269661664963","0.026608269661664963"
"372","1859","1859","1859","0.025792183354496956","0.025792183354496956","0.025792183354496956"
"373","1864","1864","1864","0","0","0"
"374","1869","1869","1869","0.06928203254938126","0.06928203254938126","0.06928203254938126"
"375","1874","1874","1874","0.5277625918388367","0.5277625918388367","0.5277625918388367"
"376","1879","1879","1879","0.5773502588272095","0.5773502588272095","0.5773502588272095"
"377","1884","1884","1884","0.5580812096595764","0.5580812096595764","0.5580812096595764"
"378","1889","1889","1889","0.018895098939538002","0.018895098939538002","0.018895098939538002"
"379","1894","1894","1894","0.02936151809990406","0.02936151809990406","0.02936151809990406"
"380","1899","1899","1899","0.3139756917953491","0.3139756917953491","0.3139756917953491"
"381","1904","1904","1904","0","0","0"
"382","1909","1909","1909","0.027979282662272453","0.027979282662272453","0.027979282662272453"
"383","1914","1914","1914","0.542709231376648","0.542709231376648","0.542709231376648"
"384","1919","1919","1919","0.5540676712989807","0.5540676712989807","0.5540676712989807"
"385","1924","1924","1924","0.3579571843147278","0.3579571843147278","0.3579571843147278"
"386","1929","1929","1929","0.01357677299529314","0.01357677299529314","0.01357677299529314"
"387","1934","1934","1934","0.025594960898160934","0.025594960898160934","0.025594960898160934"
"388","1939","1939","1939","0.02854391373693943","0.02854391373693943","0.02854391373693943"
"389","1944","1944","1944","0.5484906435012817","0.5484906435012817","0.5484906435012817"
"390","1949","1949","1949","0.009221389889717102","0.009221389889717102","0.009221389889717102"
"391","1954","1954","1954","0.5620456337928772","0.5620456337928772","0.5620456337928772"
"392","1959","1959","1959","0.5359960198402405","0.5359960198402405","0.5359960198402405"
"393","1964","1964","1964","0.5277625918388367","0.5277625918388367","0.5277625918388367"
"394","1969","1969","1969","0.04757429659366608","0.04757429659366608","0.04757429659366608"
"395","1974","1974","1974","0.048112526535987854","0.048112526535987854","0.048112526535987854"
"396","1979","1979","1979","0.06546083837747574","0.06546083837747574","0.06546083837747574"
"397","1984","1984","1984","0","0","0"
"398","1989","1989","1989","0.016437005251646042","0.016437005251646042","0.016437005251646042"
"399","1994","1994","1994","0.006304326932877302","0.006304326932877302","0.006304326932877302"
"400","1999","1999","1999","0.15011106431484222","0.15011106431484222","0.15011106431484222"
"401","2004","2004","2004","0.11547005921602249","0.11547005921602249","0.11547005921602249"
"402","2009","2009","2009","0.021650634706020355","0.021650634706020355","0.021650634706020355"
"403","2014","2014","2014","0.02535463683307171","0.02535463683307171","0.02535463683307171"
"404","2019","2019","2019","0.5255536437034607","0.5255536437034607","0.5255536437034607"
"405","2024","2024","2024","0.11547005921602249","0.11547005921602249","0.11547005921602249"
"406","2029","2029","2029","0.06928203254938126","0.06928203254938126","0.06928203254938126"
"407","2034","2034","2034","0.531688928604126","0.531688928604126","0.531688928604126"
"408","2039","2039","2039","0.52882319688797","0.52882319688797","0.52882319688797"
"409","2044","2044","2044","0.5107329487800598","0.5107329487800598","0.5107329487800598"
"410","2049","2049","2049","0.03464101627469063","0.03464101627469063","0.03464101627469063"
"411","2054","2054","2054","0.03757079690694809","0.03757079690694809","0.03757079690694809"
"412","2059","2059","2059","0.03464101627469063","0.03464101627469063","0.03464101627469063"
"413","2064","2064","2064","0.06403124332427979","0.06403124332427979","0.06403124332427979"
"414","2069","2069","2069","0.04047619178891182","0.04047619178891182","0.04047619178891182"
"415","2074","2074","2074","0.06185895949602127","0.06185895949602127","0.06185895949602127"
"416","2079","2079","2079","0.008660254068672657","0.008660254068672657","0.008660254068672657"
"417","2084","2084","2084","0.5449778437614441","0.5449778437614441","0.5449778437614441"
"418","2089","2089","2089","0.03077767975628376","0.03077767975628376","0.03077767975628376"
"419","2094","2094","2094","0","0","0"
"420","2099","2099","2099","0.5773502588272095","0.5773502588272095","0.5773502588272095"
"421","2104","2104","2104","0","0","0"
"422","2109","2109","2109","0.011538462713360786","0.011538462713360786","0.011538462713360786"
"423","2114","2114","2114","0.016766157001256943","0.016766157001256943","0.016766157001256943"
"424","2119","2119","2119","0","0","0"
"425","2124","2124","2124","0.027124645188450813","0.027124645188450813","0.027124645188450813"
"426","2129","2129","2129","0.31655025482177734","0.31655025482177734","0.31655025482177734"
"427","2134","2134","2134","0","0","0"
"428","2139","2139","2139","0.010920976288616657","0.010920976288616657","0.010920976288616657"
"429","2144","2144","2144","0.5372940301895142","0.5372940301895142","0.5372940301895142"
"430","2149","2149","2149","0.5258035659790039","0.5258035659790039","0.5258035659790039"
"431","2154","2154","2154","0.019021449610590935","0.019021449610590935","0.019021449610590935"
"432","2159","2159","2159","0.5416025519371033","0.5416025519371033","0.5416025519371033"
"433","2164","2164","2164","0.041702400892972946","0.041702400892972946","0.041702400892972946"
"434","2169","2169","2169","0.03592083230614662","0.03592083230614662","0.03592083230614662"
"435","2174","2174","2174","0.5313296318054199","0.5313296318054199","0.5313296318054199"
"436","2179","2179","2179","0.05074501410126686","0.05074501410126686","0.05074501410126686"
"437","2184","2184","2184","0.05999999865889549","0.05999999865889549","0.05999999865889549"
"438","2189","2189","2189","0.04955682530999184","0.04955682530999184","0.04955682530999184"
"439","2194","2194","2194","0.5356071591377258","0.5356071591377258","0.5356071591377258"
"440","2199","2199","2199","0.3019484579563141","0.3019484579563141","0.3019484579563141"
"441","2204","2204","2204","0.011602254584431648","0.011602254584431648","0.011602254584431648"
"442","2209","2209","2209","0.5610816478729248","0.5610816478729248","0.5610816478729248"
"443","2214","2214","2214","0.03036823868751526","0.03036823868751526","0.03036823868751526"
"444","2219","2219","2219","0.05658235028386116","0.05658235028386116","0.05658235028386116"
"445","2224","2224","2224","0.1619233638048172","0.1619233638048172","0.1619233638048172"
"446","2229","2229","2229","0.015434478409588337","0.015434478409588337","0.015434478409588337"
"447","2234","2234","2234","0.5","0.5","0.5"
"448","2239","2239","2239","0.03997040539979935","0.03997040539979935","0.03997040539979935"
"449","2244","2244","2244","0.057445626705884933","0.057445626705884933","0.057445626705884933"
"450","2249","2249","2249","0.06928203254938126","0.06928203254938126","0.06928203254938126"
"451","2254","2254","2254","0.04137105867266655","0.04137105867266655","0.04137105867266655"
"452","2259","2259","2259","0.5258035659790039","0.5258035659790039","0.5258035659790039"
"453","2264","2264","2264","0.5605652332305908","0.5605652332305908","0.5605652332305908"
"454","2269","2269","2269","0.023983320221304893","0.023983320221304893","0.023983320221304893"
"455","2274","2274","2274","0.5131231546401978","0.5131231546401978","0.5131231546401978"
"456","2279","2279","2279","0.5277969837188721","0.5277969837188721","0.5277969837188721"
"457","2284","2284","2284","0.057445626705884933","0.057445626705884933","0.057445626705884933"
"458","2289","2289","2289","0","0","0"
"459","2294","2294","2294","0.1301645189523697","0.1301645189523697","0.1301645189523697"
"460","2299","2299","2299","0.029409723356366158","0.029409723356366158","0.029409723356366158"
"461","2304","2304","2304","0.5384077429771423","0.5384077429771423","0.5384077429771423"
"462","2309","2309","2309","0.75","0.75","0.75"
"463","2314","2314","2314","0.17732900381088257","0.17732900381088257","0.17732900381088257"
"464","2319","2319","2319","0.03195004165172577","0.03195004165172577","0.03195004165172577"
"465","2324","2324","2324","0.03980289027094841","0.03980289027094841","0.03980289027094841"
"466","2329","2329","2329","0.030565602704882622","0.030565602704882622","0.030565602704882622"
"467","2334","2334","2334","0.018238777294754982","0.018238777294754982","0.018238777294754982"
"468","2339","2339","2339","0.03128824383020401","0.03128824383020401","0.03128824383020401"
"469","2344","2344","2344","0.18208740651607513","0.18208740651607513","0.18208740651607513"
"470","2349","2349","2349","0.32700663805007935","0.32700663805007935","0.32700663805007935"
"471","2354","2354","2354","0.02857409231364727","0.02857409231364727","0.02857409231364727"
"472","2359","2359","2359","0.5529975295066833","0.5529975295066833","0.5529975295066833"
"473","2364","2364","2364","0.03464101627469063","0.03464101627469063","0.03464101627469063"
"474","2369","2369","2369","0.015118335373699665","0.015118335373699665","0.015118335373699665"
"475","2374","2374","2374","0.17660126090049744","0.17660126090049744","0.17660126090049744"
"476","2379","2379","2379","0.18076857924461365","0.18076857924461365","0.18076857924461365"
"477","2384","2384","2384","0.542709231376648","0.542709231376648","0.542709231376648"
"478","2389","2389","2389","0","0","0"
"479","2394","2394","2394","0.0414203405380249","0.0414203405380249","0.0414203405380249"
"480","2399","2399","2399","0.0249831210821867","0.0249831210821867","0.0249831210821867"
"481","2404","2404","2404","0.04263509809970856","0.04263509809970856","0.04263509809970856"
"482","2409","2409","2409","0.012371791526675224","0.012371791526675224","0.012371791526675224"
"483","2414","2414","2414","0","0","0"
"484","2419","2419","2419","0.06928203254938126","0.06928203254938126","0.06928203254938126"
"485","2424","2424","2424","0.23693634569644928","0.23693634569644928","0.23693634569644928"
"486","2429","2429","2429","0.025815773755311966","0.025815773755311966","0.025815773755311966"
"487","2434","2434","2434","0.011522509157657623","0.011522509157657623","0.011522509157657623"
"488","2439","2439","2439","0.03857142850756645","0.03857142850756645","0.03857142850756645"
"489","2444","2444","2444","0","0","0"
"490","2449","2449","2449","0.03750000521540642","0.03750000521540642","0.03750000521540642"
"491","2454","2454","2454","0.011538462713360786","0.011538462713360786","0.011538462713360786"
"492","2459","2459","2459","0.5540579557418823","0.5540579557418823","0.5540579557418823"
"493","2464","2464","2464","0.5373798608779907","0.5373798608779907","0.5373798608779907"
"494","2469","2469","2469","0.1649572253227234","0.1649572253227234","0.1649572253227234"
"495","2474","2474","2474","0.03110424615442753","0.03110424615442753","0.03110424615442753"
"496","2479","2479","2479","0.04075413942337036","0.04075413942337036","0.04075413942337036"
"497","2484","2484","2484","0.5353431105613708","0.5353431105613708","0.5353431105613708"
"498","2489","2489","2489","0.14704109728336334","0.14704109728336334","0.14704109728336334"
"499","2494","2494","2494","0.02719097211956978","0.02719097211956978","0.02719097211956978"
"500","2499","2499","2499","0.06661733984947205","0.06661733984947205","0.06661733984947205"
"501","2504","2504","2504","0.0494871661067009","0.0494871661067009","0.0494871661067009"
"502","2509","2509","2509","0","0","0"
"503","2514","2514","2514","0.026491861790418625","0.026491861790418625","0.026491861790418625"
"504","2519","2519","2519","0.027389299124479294","0.027389299124479294","0.027389299124479294"
"505","2524","2524","2524","0.026646936312317848","0.026646936312317848","0.026646936312317848"
"506","2529","2529","2529","0","0","0"
"507","2534","2534","2534","0.03110424615442753","0.03110424615442753","0.03110424615442753"
"508","2539","2539","2539","0.047430746257305145","0.047430746257305145","0.047430746257305145"
"509","2544","2544","2544","0.03483804687857628","0.03483804687857628","0.03483804687857628"
"510","2549","2549","2549","0.5416025519371033","0.5416025519371033","0.5416025519371033"
"511","2554","2554","2554","0.06661733984947205","0.06661733984947205","0.06661733984947205"
"512","2559","2559","2559","0.5523870587348938","0.5523870587348938","0.5523870587348938"
"513","2564","2564","2564","0.026646936312317848","0.026646936312317848","0.026646936312317848"
"514","2569","2569","2569","0.045004814863204956","0.045004814863204956","0.045004814863204956"
"515","2574","2574","2574","0.13903093338012695","0.13903093338012695","0.13903093338012695"
"516","2579","2579","2579","0.5183153748512268","0.5183153748512268","0.5183153748512268"
"517","2584","2584","2584","0.035461027175188065","0.035461027175188065","0.035461027175188065"
"518","2589","2589","2589","0.014657549560070038","0.014657549560070038","0.014657549560070038"
"519","2594","2594","2594","0.16165807843208313","0.16165807843208313","0.16165807843208313"
"520","2599","2599","2599","0.05999999865889549","0.05999999865889549","0.05999999865889549"
"521","2604","2604","2604","0.06928203254938126","0.06928203254938126","0.06928203254938126"
"522","2609","2609","2609","0.5636183023452759","0.5636183023452759","0.5636183023452759"
"523","2614","2614","2614","0.06928203254938126","0.06928203254938126","0.06928203254938126"
"524","2619","2619","2619","0.3430476188659668","0.3430476188659668","0.3430476188659668"
"525","2624","2624","2624","0.5560084581375122","0.5560084581375122","0.5560084581375122"
"526","2629","2629","2629","0.5773502588272095","0.5773502588272095","0.5773502588272095"
"527","2634","2634","2634","0.049622684717178345","0.049622684717178345","0.049622684717178345"
"528","2639","2639","2639","0.5773502588272095","0.5773502588272095","0.5773502588272095"
"529","2644","2644","2644","0.12249462306499481","0.12249462306499481","0.12249462306499481"
"530","2649","2649","2649","0.04534589499235153","0.04534589499235153","0.04534589499235153"
"531","2654","2654","2654","0.011000264436006546","0.011000264436006546","0.011000264436006546"
"532","2659","2659","2659","0.11547005921602249","0.11547005921602249","0.11547005921602249"
"533","2664","2664","2664","0.027216553688049316","0.027216553688049316","0.027216553688049316"
"534","2669","2669","2669","0.542709231376648","0.542709231376648","0.542709231376648"
"535","2674","2674","2674","0.5080682635307312","0.5080682635307312","0.5080682635307312"
"536","2679","2679","2679","0.15258543193340302","0.15258543193340302","0.15258543193340302"
"537","2684","2684","2684","0.02037706971168518","0.02037706971168518","0.02037706971168518"
"538","2689","2689","2689","0.01817506179213524","0.01817506179213524","0.01817506179213524"
"539","2694","2694","2694","0.034607093781232834","0.034607093781232834","0.034607093781232834"
"540","2699","2699","2699","0.03711537644267082","0.03711537644267082","0.03711537644267082"
"541","2704","2704","2704","0.01515927817672491","0.01515927817672491","0.01515927817672491"
"542","2709","2709","2709","0.5999999642372131","0.5999999642372131","0.5999999642372131"
"543","2714","2714","2714","0.5416025519371033","0.5416025519371033","0.5416025519371033"
"544","2719","2719","2719","0.1777014583349228","0.1777014583349228","0.1777014583349228"
"545","2724","2724","2724","0.05331940948963165","0.05331940948963165","0.05331940948963165"
"546","2729","2729","2729","0.5773502588272095","0.5773502588272095","0.5773502588272095"
"547","2734","2734","2734","0.5652493238449097","0.5652493238449097","0.5652493238449097"
"548","2739","2739","2739","0.18208740651607513","0.18208740651607513","0.18208740651607513"
"549","2744","2744","2744","0","0","0"
"550","2749","2749","2749","0.11547005921602249","0.11547005921602249","0.11547005921602249"
"551","2754","2754","2754","0.3579571843147278","0.3579571843147278","0.3579571843147278"
"552","2759","2759","2759","0.5477027297019958","0.5477027297019958","0.5477027297019958"
"553","2764","2764","2764","0.06928203254938126","0.06928203254938126","0.06928203254938126"
"554","2769","2769","2769","0.5773502588272095","0.5773502588272095","0.5773502588272095"
"555","2774","2774","2774","0.019245009869337082","0.019245009869337082","0.019245009869337082"
"556","2779","2779","2779","0.5158811211585999","0.5158811211585999","0.5158811211585999"
"557","2784","2784","2784","0.47311195731163025","0.47311195731163025","0.47311195731163025"
"558","2789","2789","2789","0.033529412001371384","0.033529412001371384","0.033529412001371384"
"559","2794","2794","2794","0","0","0"
"560","2799","2799","2799","0.04313420131802559","0.04313420131802559","0.04313420131802559"
"561","2804","2804","2804","0.04974937066435814","0.04974937066435814","0.04974937066435814"
"562","2809","2809","2809","0.04330126941204071","0.04330126941204071","0.04330126941204071"
"563","2814","2814","2814","0.6928203105926514","0.6928203105926514","0.6928203105926514"
"564","2819","2819","2819","0.02398223988711834","0.02398223988711834","0.02398223988711834"
"565","2824","2824","2824","0.5240249037742615","0.5240249037742615","0.5240249037742615"
"566","2829","2829","2829","0.40901079773902893","0.40901079773902893","0.40901079773902893"
"567","2834","2834","2834","0.01546473614871502","0.01546473614871502","0.01546473614871502"
"568","2839","2839","2839","0.030304579064249992","0.030304579064249992","0.030304579064249992"
"569","2844","2844","2844","0.17320507764816284","0.17320507764816284","0.17320507764816284"
"570","2849","2849","2849","0.5080682635307312","0.5080682635307312","0.5080682635307312"
"571","2854","2854","2854","0.03177309408783913","0.03177309408783913","0.03177309408783913"
"572","2859","2859","2859","0.04566315934062004","0.04566315934062004","0.04566315934062004"
"573","2864","2864","2864","0.03310411050915718","0.03310411050915718","0.03310411050915718"
"574","2869","2869","2869","0.04875941574573517","0.04875941574573517","0.04875941574573517"
"575","2874","2874","2874","0.032765090465545654","0.032765090465545654","0.032765090465545654"
"576","2879","2879","2879","0.05044183507561684","0.05044183507561684","0.05044183507561684"
"577","2884","2884","2884","0.027488401159644127","0.027488401159644127","0.027488401159644127"
"578","2889","2889","2889","0.12721988558769226","0.12721988558769226","0.12721988558769226"
"579","2894","2894","2894","0.5080682635307312","0.5080682635307312","0.5080682635307312"
"580","2899","2899","2899","0.6928203105926514","0.6928203105926514","0.6928203105926514"
"581","2904","2904","2904","0.01999245211482048","0.01999245211482048","0.01999245211482048"
"582","2909","2909","2909","0.03464101627469063","0.03464101627469063","0.03464101627469063"
"583","2914","2914","2914","0.5080682635307312","0.5080682635307312","0.5080682635307312"
"584","2919","2919","2919","0.5428474545478821","0.5428474545478821","0.5428474545478821"
"585","2924","2924","2924","0.032375119626522064","0.032375119626522064","0.032375119626522064"
"586","2929","2929","2929","0.6928203105926514","0.6928203105926514","0.6928203105926514"
"587","2934","2934","2934","0","0","0"
"588","2939","2939","2939","0.04468006268143654","0.04468006268143654","0.04468006268143654"
"589","2944","2944","2944","0.6169549226760864","0.6169549226760864","0.6169549226760864"
"590","2949","2949","2949","0.05353611335158348","0.05353611335158348","0.05353611335158348"
"591","2954","2954","2954","0.5999999642372131","0.5999999642372131","0.5999999642372131"
"592","2959","2959","2959","0.04600709676742554","0.04600709676742554","0.04600709676742554"
"593","2964","2964","2964","0.18475209176540375","0.18475209176540375","0.18475209176540375"
"594","2969","2969","2969","0.04994797706604004","0.04994797706604004","0.04994797706604004"
"595","2974","2974","2974","0.03444219008088112","0.03444219008088112","0.03444219008088112"
"596","2979","2979","2979","0.03831753507256508","0.03831753507256508","0.03831753507256508"
"597","2984","2984","2984","0.012858707457780838","0.012858707457780838","0.012858707457780838"
"598","2989","2989","2989","0.5288588404655457","0.5288588404655457","0.5288588404655457"
"599","2994","2994","2994","0.5350292325019836","0.5350292325019836","0.5350292325019836"
"600","2999","2999","2999","0.5533358454704285","0.5533358454704285","0.5533358454704285"
"601","3004","3004","3004","0.5522217750549316","0.5522217750549316","0.5522217750549316"
"602","3009","3009","3009","0.5999999642372131","0.5999999642372131","0.5999999642372131"
"603","3014","3014","3014","0.02676493115723133","0.02676493115723133","0.02676493115723133"
"604","3019","3019","3019","0.030315782874822617","0.030315782874822617","0.030315782874822617"
"605","3024","3024","3024","0.015396010130643845","0.015396010130643845","0.015396010130643845"
"606","3029","3029","3029","0.75","0.75","0.75"
"607","3034","3034","3034","0.05050806328654289","0.05050806328654289","0.05050806328654289"
"608","3039","3039","3039","0.01657066121697426","0.01657066121697426","0.01657066121697426"
"609","3044","3044","3044","0","0","0"
"610","3049","3049","3049","0.5416025519371033","0.5416025519371033","0.5416025519371033"
"611","3054","3054","3054","0.019859235733747482","0.019859235733747482","0.019859235733747482"
"612","3059","3059","3059","0.03464101627469063","0.03464101627469063","0.03464101627469063"
"613","3064","3064","3064","0.03149183467030525","0.03149183467030525","0.03149183467030525"
"614","3069","3069","3069","0.03280385956168175","0.03280385956168175","0.03280385956168175"
"615","3074","3074","3074","0.057735029608011246","0.057735029608011246","0.057735029608011246"
"616","3079","3079","3079","0.015593735501170158","0.015593735501170158","0.015593735501170158"
"617","3084","3084","3084","0.1405114084482193","0.1405114084482193","0.1405114084482193"
"618","3089","3089","3089","0.029270559549331665","0.029270559549331665","0.029270559549331665"
"619","3094","3094","3094","0.5277625918388367","0.5277625918388367","0.5277625918388367"
"620","3099","3099","3099","0.5555830001831055","0.5555830001831055","0.5555830001831055"
"621","3104","3104","3104","0.018446262925863266","0.018446262925863266","0.018446262925863266"
"622","3109","3109","3109","0","0","0"
"623","3114","3114","3114","0","0","0"
"624","3119","3119","3119","0.5107329487800598","0.5107329487800598","0.5107329487800598"
"625","3124","3124","3124","0.026889819651842117","0.026889819651842117","0.026889819651842117"
"626","3129","3129","3129","0.18475209176540375","0.18475209176540375","0.18475209176540375"
"627","3134","3134","3134","0.5414748787879944","0.5414748787879944","0.5414748787879944"
"628","3139","3139","3139","0.05999999865889549","0.05999999865889549","0.05999999865889549"
"629","3144","3144","3144","0.046526577323675156","0.046526577323675156","0.046526577323675156"
"630","3149","3149","3149","0.011519593186676502","0.011519593186676502","0.011519593186676502"
"631","3154","3154","3154","0.06928203254938126","0.06928203254938126","0.06928203254938126"
"632","3159","3159","3159","0.02735505998134613","0.02735505998134613","0.02735505998134613"
"633","3164","3164","3164","0.06928203254938126","0.06928203254938126","0.06928203254938126"
"634","3169","3169","3169","0.04330126941204071","0.04330126941204071","0.04330126941204071"
"635","3174","3174","3174","0.04285714775323868","0.04285714775323868","0.04285714775323868"
"636","3179","3179","3179","0.5080682635307312","0.5080682635307312","0.5080682635307312"
"637","3184","3184","3184","0.01770380139350891","0.01770380139350891","0.01770380139350891"
"638","3189","3189","3189","0.03464101627469063","0.03464101627469063","0.03464101627469063"
"639","3194","3194","3194","0.5643635988235474","0.5643635988235474","0.5643635988235474"
"640","3199","3199","3199","0.6928203105926514","0.6928203105926514","0.6928203105926514"
"641","3204","3204","3204","0.027986716479063034","0.027986716479063034","0.027986716479063034"
"642","3209","3209","3209","0.03795498609542847","0.03795498609542847","0.03795498609542847"
"643","3214","3214","3214","0","0","0"
"644","3219","3219","3219","0.6928203105926514","0.6928203105926514","0.6928203105926514"
"645","3224","3224","3224","0.2647063434123993","0.2647063434123993","0.2647063434123993"
"646","3229","3229","3229","0.6500000357627869","0.6500000357627869","0.6500000357627869"
"647","3234","3234","3234","0.05196152627468109","0.05196152627468109","0.05196152627468109"
"648","3239","3239","3239","0.5773502588272095","0.5773502588272095","0.5773502588272095"
"649","3244","3244","3244","0.015118335373699665","0.015118335373699665","0.015118335373699665"
"650","3249","3249","3249","0.011315976269543171","0.011315976269543171","0.011315976269543171"
"651","3254","3254","3254","0.527715265750885","0.527715265750885","0.527715265750885"
"652","3259","3259","3259","0.02567029744386673","0.02567029744386673","0.02567029744386673"
"653","3264","3264","3264","0.3165724277496338","0.3165724277496338","0.3165724277496338"
"654","3269","3269","3269","0.32187798619270325","0.32187798619270325","0.32187798619270325"
"655","3274","3274","3274","0.01243370957672596","0.01243370957672596","0.01243370957672596"
"656","3279","3279","3279","0.5416025519371033","0.5416025519371033","0.5416025519371033"
"657","3284","3284","3284","0.024989793077111244","0.024989793077111244","0.024989793077111244"
"658","3289","3289","3289","0.026943014934659004","0.026943014934659004","0.026943014934659004"
"659","3294","3294","3294","0.03825537487864494","0.03825537487864494","0.03825537487864494"
"660","3299","3299","3299","0.0071428571827709675","0.0071428571827709675","0.0071428571827709675"
"661","3304","3304","3304","0.5773502588272095","0.5773502588272095","0.5773502588272095"
"662","3309","3309","3309","0","0","0"
"663","3314","3314","3314","0.13592852652072906","0.13592852652072906","0.13592852652072906"
"664","3319","3319","3319","0.024780284613370895","0.024780284613370895","0.024780284613370895"
"665","3324","3324","3324","0.5402663946151733","0.5402663946151733","0.5402663946151733"
"666","3329","3329","3329","0.5773502588272095","0.5773502588272095","0.5773502588272095"
"667","3334","3334","3334","0.06081624701619148","0.06081624701619148","0.06081624701619148"
"668","3339","3339","3339","0","0","0"
"669","3344","3344","3344","0.05454545468091965","0.05454545468091965","0.05454545468091965"
"670","3349","3349","3349","0.11547005921602249","0.11547005921602249","0.11547005921602249"
"671","3354","3354","3354","0.029999999329447746","0.029999999329447746","0.029999999329447746"
"672","3359","3359","3359","0.004728404805064201","0.004728404805064201","0.004728404805064201"
"673","3364","3364","3364","0.31502315402030945","0.31502315402030945","0.31502315402030945"
"674","3369","3369","3369","0.5416025519371033","0.5416025519371033","0.5416025519371033"
"675","3374","3374","3374","0.029999999329447746","0.029999999329447746","0.029999999329447746"
"676","3379","3379","3379","0.01379360817372799","0.01379360817372799","0.01379360817372799"
"677","3384","3384","3384","0.010825317353010178","0.010825317353010178","0.010825317353010178"
"678","3389","3389","3389","0.5414748787879944","0.5414748787879944","0.5414748787879944"
"679","3394","3394","3394","0.28867512941360474","0.28867512941360474","0.28867512941360474"
"680","3399","3399","3399","0.041702400892972946","0.041702400892972946","0.041702400892972946"
"681","3404","3404","3404","0.050065699964761734","0.050065699964761734","0.050065699964761734"
"682","3409","3409","3409","0.6928203105926514","0.6928203105926514","0.6928203105926514"
"683","3414","3414","3414","0.5773502588272095","0.5773502588272095","0.5773502588272095"
"684","3419","3419","3419","0.013083718717098236","0.013083718717098236","0.013083718717098236"
"685","3424","3424","3424","0.5615726709365845","0.5615726709365845","0.5615726709365845"
"686","3429","3429","3429","0.26316583156585693","0.26316583156585693","0.26316583156585693"
"687","3434","3434","3434","0.5620456337928772","0.5620456337928772","0.5620456337928772"
"688","3439","3439","3439","0.18475209176540375","0.18475209176540375","0.18475209176540375"
"689","3444","3444","3444","0.02142857387661934","0.02142857387661934","0.02142857387661934"
"690","3449","3449","3449","0.030565602704882622","0.030565602704882622","0.030565602704882622"
"691","3454","3454","3454","0.044513553380966187","0.044513553380966187","0.044513553380966187"
"692","3459","3459","3459","0.04011863097548485","0.04011863097548485","0.04011863097548485"
"693","3464","3464","3464","0.5315168499946594","0.5315168499946594","0.5315168499946594"
"694","3469","3469","3469","0.5503843426704407","0.5503843426704407","0.5503843426704407"
"695","3474","3474","3474","0.027567267417907715","0.027567267417907715","0.027567267417907715"
"696","3479","3479","3479","0.03414138779044151","0.03414138779044151","0.03414138779044151"
"697","3484","3484","3484","0.037644755095243454","0.037644755095243454","0.037644755095243454"
"698","3489","3489","3489","0.5683804750442505","0.5683804750442505","0.5683804750442505"
"699","3494","3494","3494","0.15071068704128265","0.15071068704128265","0.15071068704128265"
"700","3499","3499","3499","0.6928203105926514","0.6928203105926514","0.6928203105926514"
"701","3504","3504","3504","0.5107329487800598","0.5107329487800598","0.5107329487800598"
"702","3509","3509","3509","0.5230857729911804","0.5230857729911804","0.5230857729911804"
"703","3514","3514","3514","0.5246448516845703","0.5246448516845703","0.5246448516845703"
"704","3519","3519","3519","0.0305817611515522","0.0305817611515522","0.0305817611515522"
"705","3524","3524","3524","0.028381971642374992","0.028381971642374992","0.028381971642374992"
"706","3529","3529","3529","0.5999999642372131","0.5999999642372131","0.5999999642372131"
"707","3534","3534","3534","0.048109591007232666","0.048109591007232666","0.048109591007232666"
"708","3539","3539","3539","0.14708097279071808","0.14708097279071808","0.14708097279071808"
"709","3544","3544","3544","0.04259181395173073","0.04259181395173073","0.04259181395173073"
"710","3549","3549","3549","0.018582887947559357","0.018582887947559357","0.018582887947559357"
"711","3554","3554","3554","0.5221430063247681","0.5221430063247681","0.5221430063247681"
"712","3559","3559","3559","0.5167223215103149","0.5167223215103149","0.5167223215103149"
"713","3564","3564","3564","0.008616136386990547","0.008616136386990547","0.008616136386990547"
"714","3569","3569","3569","0.038247108459472656","0.038247108459472656","0.038247108459472656"