"train/global_step","qwen3vl_rl - _step","qwen3vl_rl - _step__MIN","qwen3vl_rl - _step__MAX","qwen3vl_rl - train/num_tokens","qwen3vl_rl - train/num_tokens__MIN","qwen3vl_rl - train/num_tokens__MAX"
"1","4","4","4","7341","7341","7341"
"2","9","9","9","9802","9802","9802"
"3","14","14","14","26502","26502","26502"
"4","19","19","19","40802","40802","40802"
"5","24","24","24","55196","55196","55196"
"6","29","29","29","57107","57107","57107"
"7","34","34","34","74333","74333","74333"
"8","39","39","39","76755","76755","76755"
"9","44","44","44","97127","97127","97127"
"10","49","49","49","120747","120747","120747"
"11","54","54","54","122949","122949","122949"
"12","59","59","59","139439","139439","139439"
"13","64","64","64","141664","141664","141664"
"14","69","69","69","149982","149982","149982"
"15","74","74","74","152483","152483","152483"
"16","79","79","79","170786","170786","170786"
"17","84","84","84","173167","173167","173167"
"18","89","89","89","180466","180466","180466"
"19","94","94","94","186921","186921","186921"
"20","99","99","99","193360","193360","193360"
"21","104","104","104","195550","195550","195550"
"22","109","109","109","214942","214942","214942"
"23","114","114","114","234230","234230","234230"
"24","119","119","119","236483","236483","236483"
"25","124","124","124","247241","247241","247241"
"26","129","129","129","249156","249156","249156"
"27","134","134","134","263144","263144","263144"
"28","139","139","139","281793","281793","281793"
"29","144","144","144","288227","288227","288227"
"30","149","149","149","303793","303793","303793"
"31","154","154","154","329042","329042","329042"
"32","159","159","159","345390","345390","345390"
"33","164","164","164","352389","352389","352389"
"34","169","169","169","360487","360487","360487"
"35","174","174","174","375823","375823","375823"
"36","179","179","179","383054","383054","383054"
"37","184","184","184","399437","399437","399437"
"38","189","189","189","401336","401336","401336"
"39","194","194","194","420449","420449","420449"
"40","199","199","199","436477","436477","436477"
"41","204","204","204","438294","438294","438294"
"42","209","209","209","452594","452594","452594"
"43","214","214","214","459874","459874","459874"
"44","219","219","219","461867","461867","461867"
"45","224","224","224","484150","484150","484150"
"46","229","229","229","503811","503811","503811"
"47","234","234","234","522500","522500","522500"
"48","239","239","239","524425","524425","524425"
"49","244","244","244","526266","526266","526266"
"50","249","249","249","533098","533098","533098"
"51","254","254","254","535032","535032","535032"
"52","259","259","259","558706","558706","558706"
"53","264","264","264","560568","560568","560568"
"54","269","269","269","569787","569787","569787"
"55","274","274","274","572019","572019","572019"
"56","279","279","279","578528","578528","578528"
"57","284","284","284","594510","594510","594510"
"58","289","289","289","596453","596453","596453"
"59","294","294","294","598398","598398","598398"
"60","299","299","299","611775","611775","611775"
"61","304","304","304","614186","614186","614186"
"62","309","309","309","616431","616431","616431"
"63","314","314","314","640445","640445","640445"
"64","319","319","319","662579","662579","662579"
"65","324","324","324","664573","664573","664573"
"66","329","329","329","666404","666404","666404"
"67","334","334","334","684386","684386","684386"
"68","339","339","339","693810","693810","693810"
"69","344","344","344","703084","703084","703084"
"70","349","349","349","712286","712286","712286"
"71","354","354","354","714211","714211","714211"
"72","359","359","359","725677","725677","725677"
"73","364","364","364","740927","740927","740927"
"74","369","369","369","743056","743056","743056"
"75","374","374","374","750356","750356","750356"
"76","379","379","379","752514","752514","752514"
"77","384","384","384","768903","768903","768903"
"78","389","389","389","778204","778204","778204"
"79","394","394","394","784714","784714","784714"
"80","399","399","399","794148","794148","794148"
"81","404","404","404","796082","796082","796082"
"82","409","409","409","797636","797636","797636"
"83","414","414","414","812339","812339","812339"
"84","419","419","419","828701","828701","828701"
"85","424","424","424","830910","830910","830910"
"86","429","429","429","855166","855166","855166"
"87","434","434","434","857080","857080","857080"
"88","439","439","439","873793","873793","873793"
"89","444","444","444","882993","882993","882993"
"90","449","449","449","892211","892211","892211"
"91","454","454","454","908612","908612","908612"
"92","459","459","459","922146","922146","922146"
"93","464","464","464","931344","931344","931344"
"94","469","469","469","932964","932964","932964"
"95","474","474","474","942214","942214","942214"
"96","479","479","479","944532","944532","944532"
"97","484","484","484","976167","976167","976167"
"98","489","489","489","982336","982336","982336"
"99","494","494","494","988508","988508","988508"
"100","499","499","499","1001432","1001432","1001432"
"101","504","504","504","1008664","1008664","1008664"
"102","509","509","509","1024818","1024818","1024818"
"103","514","514","514","1026725","1026725","1026725"
"104","519","519","519","1029227","1029227","1029227"
"105","524","524","524","1038442","1038442","1038442"
"106","529","529","529","1040962","1040962","1040962"
"107","534","534","534","1050249","1050249","1050249"
"108","539","539","539","1056625","1056625","1056625"
"109","544","544","544","1090143","1090143","1090143"
"110","549","549","549","1101687","1101687","1101687"
"111","554","554","554","1113699","1113699","1113699"
"112","559","559","559","1134487","1134487","1134487"
"113","564","564","564","1136065","1136065","1136065"
"114","569","569","569","1137974","1137974","1137974"
"115","574","574","574","1147276","1147276","1147276"
"116","579","579","579","1149723","1149723","1149723"
"117","584","584","584","1168040","1168040","1168040"
"118","589","589","589","1170181","1170181","1170181"
"119","594","594","594","1202741","1202741","1202741"
"120","599","599","599","1209943","1209943","1209943"
"121","604","604","604","1212095","1212095","1212095"
"122","609","609","609","1221277","1221277","1221277"
"123","614","614","614","1223440","1223440","1223440"
"124","619","619","619","1236399","1236399","1236399"
"125","624","624","624","1238607","1238607","1238607"
"126","629","629","629","1240896","1240896","1240896"
"127","634","634","634","1242801","1242801","1242801"
"128","639","639","639","1252024","1252024","1252024"
"129","644","644","644","1260909","1260909","1260909"
"130","649","649","649","1263453","1263453","1263453"
"131","654","654","654","1272655","1272655","1272655"
"132","659","659","659","1297411","1297411","1297411"
"133","664","664","664","1324063","1324063","1324063"
"134","669","669","669","1333603","1333603","1333603"
"135","674","674","674","1343038","1343038","1343038"
"136","679","679","679","1358304","1358304","1358304"
"137","684","684","684","1374370","1374370","1374370"
"138","689","689","689","1376300","1376300","1376300"
"139","694","694","694","1383262","1383262","1383262"
"140","699","699","699","1385122","1385122","1385122"
"141","704","704","704","1394378","1394378","1394378"
"142","709","709","709","1413924","1413924","1413924"
"143","714","714","714","1423038","1423038","1423038"
"144","719","719","719","1437094","1437094","1437094"
"145","724","724","724","1444218","1444218","1444218"
"146","729","729","729","1450385","1450385","1450385"
"147","734","734","734","1452647","1452647","1452647"
"148","739","739","739","1454693","1454693","1454693"
"149","744","744","744","1461768","1461768","1461768"
"150","749","749","749","1464256","1464256","1464256"
"151","754","754","754","1482142","1482142","1482142"
"152","759","759","759","1484635","1484635","1484635"
"153","764","764","764","1493721","1493721","1493721"
"154","769","769","769","1502716","1502716","1502716"
"155","774","774","774","1528379","1528379","1528379"
"156","779","779","779","1534975","1534975","1534975"
"157","784","784","784","1558528","1558528","1558528"
"158","789","789","789","1581023","1581023","1581023"
"159","794","794","794","1589947","1589947","1589947"
"160","799","799","799","1592552","1592552","1592552"
"161","804","804","804","1594157","1594157","1594157"
"162","809","809","809","1612506","1612506","1612506"
"163","814","814","814","1619957","1619957","1619957"
"164","819","819","819","1621548","1621548","1621548"
"165","824","824","824","1639694","1639694","1639694"
"166","829","829","829","1641554","1641554","1641554"
"167","834","834","834","1643482","1643482","1643482"
"168","839","839","839","1649875","1649875","1649875"
"169","844","844","844","1652113","1652113","1652113"
"170","849","849","849","1661280","1661280","1661280"
"171","854","854","854","1670246","1670246","1670246"
"172","859","859","859","1672569","1672569","1672569"
"173","864","864","864","1679011","1679011","1679011"
"174","869","869","869","1688515","1688515","1688515"
"175","874","874","874","1713581","1713581","1713581"
"176","879","879","879","1727007","1727007","1727007"
"177","884","884","884","1745869","1745869","1745869"
"178","889","889","889","1765347","1765347","1765347"
"179","894","894","894","1771657","1771657","1771657"
"180","899","899","899","1773936","1773936","1773936"
"181","904","904","904","1781016","1781016","1781016"
"182","909","909","909","1790382","1790382","1790382"
"183","914","914","914","1796835","1796835","1796835"
"184","919","919","919","1804127","1804127","1804127"
"185","924","924","924","1815958","1815958","1815958"
"186","929","929","929","1825248","1825248","1825248"
"187","934","934","934","1850008","1850008","1850008"
"188","939","939","939","1859329","1859329","1859329"
"189","944","944","944","1870829","1870829","1870829"
"190","949","949","949","1881535","1881535","1881535"
"191","954","954","954","1900803","1900803","1900803"
"192","959","959","959","1903246","1903246","1903246"
"193","964","964","964","1912168","1912168","1912168"
"194","969","969","969","1935481","1935481","1935481"
"195","974","974","974","1954181","1954181","1954181"
"196","979","979","979","1963427","1963427","1963427"
"197","984","984","984","1972320","1972320","1972320"
"198","989","989","989","1987991","1987991","1987991"
"199","994","994","994","2008115","2008115","2008115"
"200","999","999","999","2030691","2030691","2030691"
"201","1004","1004","1004","2032993","2032993","2032993"
"202","1009","1009","1009","2055249","2055249","2055249"
"203","1014","1014","1014","2063220","2063220","2063220"
"204","1019","1019","1019","2089346","2089346","2089346"
"205","1024","1024","1024","2118434","2118434","2118434"
"206","1029","1029","1029","2125352","2125352","2125352"
"207","1034","1034","1034","2127506","2127506","2127506"
"208","1039","1039","1039","2150190","2150190","2150190"
"209","1044","1044","1044","2152272","2152272","2152272"
"210","1049","1049","1049","2154777","2154777","2154777"
"211","1054","1054","1054","2156661","2156661","2156661"
"212","1059","1059","1059","2158552","2158552","2158552"
"213","1064","1064","1064","2167815","2167815","2167815"
"214","1069","1069","1069","2169939","2169939","2169939"
"215","1074","1074","1074","2186973","2186973","2186973"
"216","1079","1079","1079","2189271","2189271","2189271"
"217","1084","1084","1084","2197601","2197601","2197601"
"218","1089","1089","1089","2214007","2214007","2214007"
"219","1094","1094","1094","2228818","2228818","2228818"
"220","1099","1099","1099","2230731","2230731","2230731"
"221","1104","1104","1104","2240885","2240885","2240885"
"222","1109","1109","1109","2257585","2257585","2257585"
"223","1114","1114","1114","2275019","2275019","2275019"
"224","1119","1119","1119","2282547","2282547","2282547"
"225","1124","1124","1124","2291575","2291575","2291575"
"226","1129","1129","1129","2305647","2305647","2305647"
"227","1134","1134","1134","2339568","2339568","2339568"
"228","1139","1139","1139","2372298","2372298","2372298"
"229","1144","1144","1144","2379598","2379598","2379598"
"230","1149","1149","1149","2381869","2381869","2381869"
"231","1154","1154","1154","2383579","2383579","2383579"
"232","1159","1159","1159","2390051","2390051","2390051"
"233","1164","1164","1164","2404390","2404390","2404390"
"234","1169","1169","1169","2406321","2406321","2406321"
"235","1174","1174","1174","2408794","2408794","2408794"
"236","1179","1179","1179","2425311","2425311","2425311"
"237","1184","1184","1184","2433269","2433269","2433269"
"238","1189","1189","1189","2435223","2435223","2435223"
"239","1194","1194","1194","2451401","2451401","2451401"
"240","1199","1199","1199","2453342","2453342","2453342"
"241","1204","1204","1204","2462601","2462601","2462601"
"242","1209","1209","1209","2464679","2464679","2464679"
"243","1214","1214","1214","2474053","2474053","2474053"
"244","1219","1219","1219","2480185","2480185","2480185"
"245","1224","1224","1224","2482260","2482260","2482260"
"246","1229","1229","1229","2505537","2505537","2505537"
"247","1234","1234","1234","2524061","2524061","2524061"
"248","1239","1239","1239","2526369","2526369","2526369"
"249","1244","1244","1244","2528607","2528607","2528607"
"250","1249","1249","1249","2531105","2531105","2531105"
"251","1254","1254","1254","2539099","2539099","2539099"
"252","1259","1259","1259","2554863","2554863","2554863"
"253","1264","1264","1264","2567427","2567427","2567427"
"254","1269","1269","1269","2569333","2569333","2569333"
"255","1274","1274","1274","2571263","2571263","2571263"
"256","1279","1279","1279","2573649","2573649","2573649"
"257","1284","1284","1284","2580056","2580056","2580056"
"258","1289","1289","1289","2581999","2581999","2581999"
"259","1294","1294","1294","2590279","2590279","2590279"
"260","1299","1299","1299","2592527","2592527","2592527"
"261","1304","1304","1304","2599833","2599833","2599833"
"262","1309","1309","1309","2601787","2601787","2601787"
"263","1314","1314","1314","2603657","2603657","2603657"
"264","1319","1319","1319","2629217","2629217","2629217"
"265","1324","1324","1324","2638397","2638397","2638397"
"266","1329","1329","1329","2652655","2652655","2652655"
"267","1334","1334","1334","2655119","2655119","2655119"
"268","1339","1339","1339","2671839","2671839","2671839"
"269","1344","1344","1344","2685361","2685361","2685361"
"270","1349","1349","1349","2694251","2694251","2694251"
"271","1354","1354","1354","2701523","2701523","2701523"
"272","1359","1359","1359","2717897","2717897","2717897"
"273","1364","1364","1364","2719873","2719873","2719873"
"274","1369","1369","1369","2729170","2729170","2729170"
"275","1374","1374","1374","2745901","2745901","2745901"
"276","1379","1379","1379","2748134","2748134","2748134"
"277","1384","1384","1384","2750422","2750422","2750422"
"278","1389","1389","1389","2752906","2752906","2752906"
"279","1394","1394","1394","2754837","2754837","2754837"
"280","1399","1399","1399","2757334","2757334","2757334"
"281","1404","1404","1404","2766452","2766452","2766452"
"282","1409","1409","1409","2768689","2768689","2768689"
"283","1414","1414","1414","2783922","2783922","2783922"
"284","1419","1419","1419","2798080","2798080","2798080"
"285","1424","1424","1424","2800494","2800494","2800494"
"286","1429","1429","1429","2802854","2802854","2802854"
"287","1434","1434","1434","2820323","2820323","2820323"
"288","1439","1439","1439","2827877","2827877","2827877"
"289","1444","1444","1444","2829803","2829803","2829803"
"290","1449","1449","1449","2832054","2832054","2832054"
"291","1454","1454","1454","2857534","2857534","2857534"
"292","1459","1459","1459","2878646","2878646","2878646"
"293","1464","1464","1464","2880972","2880972","2880972"
"294","1469","1469","1469","2883188","2883188","2883188"
"295","1474","1474","1474","2891946","2891946","2891946"
"296","1479","1479","1479","2893840","2893840","2893840"
"297","1484","1484","1484","2908144","2908144","2908144"
"298","1489","1489","1489","2915152","2915152","2915152"
"299","1494","1494","1494","2934167","2934167","2934167"
"300","1499","1499","1499","2951133","2951133","2951133"
"301","1504","1504","1504","2953352","2953352","2953352"
"302","1509","1509","1509","2970136","2970136","2970136"
"303","1514","1514","1514","2988770","2988770","2988770"
"304","1519","1519","1519","3003062","3003062","3003062"
"305","1524","1524","1524","3011741","3011741","3011741"
"306","1529","1529","1529","3030402","3030402","3030402"
"307","1534","1534","1534","3038977","3038977","3038977"
"308","1539","1539","1539","3055589","3055589","3055589"
"309","1544","1544","1544","3071466","3071466","3071466"
"310","1549","1549","1549","3080356","3080356","3080356"
"311","1554","1554","1554","3082136","3082136","3082136"
"312","1559","1559","1559","3091046","3091046","3091046"
"313","1564","1564","1564","3097814","3097814","3097814"
"314","1569","1569","1569","3113115","3113115","3113115"
"315","1574","1574","1574","3146079","3146079","3146079"
"316","1579","1579","1579","3147891","3147891","3147891"
"317","1584","1584","1584","3149776","3149776","3149776"
"318","1589","1589","1589","3151984","3151984","3151984"
"319","1594","1594","1594","3161172","3161172","3161172"
"320","1599","1599","1599","3163084","3163084","3163084"
"321","1604","1604","1604","3172294","3172294","3172294"
"322","1609","1609","1609","3174563","3174563","3174563"
"323","1614","1614","1614","3180965","3180965","3180965"
"324","1619","1619","1619","3214341","3214341","3214341"
"325","1624","1624","1624","3221915","3221915","3221915"
"326","1629","1629","1629","3229253","3229253","3229253"
"327","1634","1634","1634","3252927","3252927","3252927"
"328","1639","1639","1639","3265563","3265563","3265563"
"329","1644","1644","1644","3267790","3267790","3267790"
"330","1649","1649","1649","3282118","3282118","3282118"
"331","1654","1654","1654","3284141","3284141","3284141"
"332","1659","1659","1659","3290257","3290257","3290257"
"333","1664","1664","1664","3306599","3306599","3306599"
"334","1669","1669","1669","3322861","3322861","3322861"
"335","1674","1674","1674","3324988","3324988","3324988"
"336","1679","1679","1679","3341262","3341262","3341262"
"337","1684","1684","1684","3347616","3347616","3347616"
"338","1689","1689","1689","3356965","3356965","3356965"
"339","1694","1694","1694","3358765","3358765","3358765"
"340","1699","1699","1699","3360657","3360657","3360657"
"341","1704","1704","1704","3378099","3378099","3378099"
"342","1709","1709","1709","3402808","3402808","3402808"
"343","1714","1714","1714","3405026","3405026","3405026"
"344","1719","1719","1719","3421750","3421750","3421750"
"345","1724","1724","1724","3440234","3440234","3440234"
"346","1729","1729","1729","3456944","3456944","3456944"
"347","1734","1734","1734","3463911","3463911","3463911"
"348","1739","1739","1739","3472651","3472651","3472651"
"349","1744","1744","1744","3487278","3487278","3487278"
"350","1749","1749","1749","3496609","3496609","3496609"
"351","1754","1754","1754","3509696","3509696","3509696"
"352","1759","1759","1759","3512169","3512169","3512169"
"353","1764","1764","1764","3519473","3519473","3519473"
"354","1769","1769","1769","3528713","3528713","3528713"
"355","1774","1774","1774","3547805","3547805","3547805"
"356","1779","1779","1779","3562143","3562143","3562143"
"357","1784","1784","1784","3569435","3569435","3569435"
"358","1789","1789","1789","3587758","3587758","3587758"
"359","1794","1794","1794","3603048","3603048","3603048"
"360","1799","1799","1799","3604806","3604806","3604806"
"361","1804","1804","1804","3623276","3623276","3623276"
"362","1809","1809","1809","3654844","3654844","3654844"
"363","1814","1814","1814","3656758","3656758","3656758"
"364","1819","1819","1819","3667508","3667508","3667508"
"365","1824","1824","1824","3686156","3686156","3686156"
"366","1829","1829","1829","3703742","3703742","3703742"
"367","1834","1834","1834","3712068","3712068","3712068"
"368","1839","1839","1839","3714543","3714543","3714543"
"369","1844","1844","1844","3716709","3716709","3716709"
"370","1849","1849","1849","3719005","3719005","3719005"
"371","1854","1854","1854","3733770","3733770","3733770"
"372","1859","1859","1859","3752984","3752984","3752984"
"373","1864","1864","1864","3754428","3754428","3754428"
"374","1869","1869","1869","3756336","3756336","3756336"
"375","1874","1874","1874","3780512","3780512","3780512"
"376","1879","1879","1879","3789579","3789579","3789579"
"377","1884","1884","1884","3796227","3796227","3796227"
"378","1889","1889","1889","3805537","3805537","3805537"
"379","1894","1894","1894","3824239","3824239","3824239"
"380","1899","1899","1899","3832579","3832579","3832579"
"381","1904","1904","1904","3850451","3850451","3850451"
"382","1909","1909","1909","3852615","3852615","3852615"
"383","1914","1914","1914","3875653","3875653","3875653"
"384","1919","1919","1919","3882090","3882090","3882090"
"385","1924","1924","1924","3890088","3890088","3890088"
"386","1929","1929","1929","3892572","3892572","3892572"
"387","1934","1934","1934","3908164","3908164","3908164"
"388","1939","1939","1939","3910378","3910378","3910378"
"389","1944","1944","1944","3916641","3916641","3916641"
"390","1949","1949","1949","3935168","3935168","3935168"
"391","1954","1954","1954","3958050","3958050","3958050"
"392","1959","1959","1959","3967274","3967274","3967274"
"393","1964","1964","1964","3991072","3991072","3991072"
"394","1969","1969","1969","4009776","4009776","4009776"
"395","1974","1974","1974","4026521","4026521","4026521"
"396","1979","1979","1979","4041662","4041662","4041662"
"397","1984","1984","1984","4043588","4043588","4043588"
"398","1989","1989","1989","4045812","4045812","4045812"
"399","1994","1994","1994","4048008","4048008","4048008"
"400","1999","1999","1999","4066186","4066186","4066186"
"401","2004","2004","2004","4090829","4090829","4090829"
"402","2009","2009","2009","4110224","4110224","4110224"
"403","2014","2014","2014","4112468","4112468","4112468"
"404","2019","2019","2019","4118896","4118896","4118896"
"405","2024","2024","2024","4125858","4125858","4125858"
"406","2029","2029","2029","4144184","4144184","4144184"
"407","2034","2034","2034","4151978","4151978","4151978"
"408","2039","2039","2039","4159242","4159242","4159242"
"409","2044","2044","2044","4165362","4165362","4165362"
"410","2049","2049","2049","4183509","4183509","4183509"
"411","2054","2054","2054","4185443","4185443","4185443"
"412","2059","2059","2059","4187354","4187354","4187354"
"413","2064","2064","2064","4189247","4189247","4189247"
"414","2069","2069","2069","4190968","4190968","4190968"
"415","2074","2074","2074","4209454","4209454","4209454"
"416","2079","2079","2079","4211384","4211384","4211384"
"417","2084","2084","2084","4218952","4218952","4218952"
"418","2089","2089","2089","4238005","4238005","4238005"
"419","2094","2094","2094","4239572","4239572","4239572"
"420","2099","2099","2099","4246534","4246534","4246534"
"421","2104","2104","2104","4248006","4248006","4248006"
"422","2109","2109","2109","4262463","4262463","4262463"
"423","2114","2114","2114","4273974","4273974","4273974"
"424","2119","2119","2119","4275436","4275436","4275436"
"425","2124","2124","2124","4288408","4288408","4288408"
"426","2129","2129","2129","4296726","4296726","4296726"
"427","2134","2134","2134","4310154","4310154","4310154"
"428","2139","2139","2139","4312465","4312465","4312465"
"429","2144","2144","2144","4333820","4333820","4333820"
"430","2149","2149","2149","4343058","4343058","4343058"
"431","2154","2154","2154","4345492","4345492","4345492"
"432","2159","2159","2159","4354764","4354764","4354764"
"433","2164","2164","2164","4374797","4374797","4374797"
"434","2169","2169","2169","4400462","4400462","4400462"
"435","2174","2174","2174","4408080","4408080","4408080"
"436","2179","2179","2179","4424796","4424796","4424796"
"437","2184","2184","2184","4426346","4426346","4426346"
"438","2189","2189","2189","4428269","4428269","4428269"
"439","2194","2194","2194","4437729","4437729","4437729"
"440","2199","2199","2199","4446073","4446073","4446073"
"441","2204","2204","2204","4448309","4448309","4448309"
"442","2209","2209","2209","4457521","4457521","4457521"
"443","2214","2214","2214","4459874","4459874","4459874"
"444","2219","2219","2219","4475041","4475041","4475041"
"445","2224","2224","2224","4482419","4482419","4482419"
"446","2229","2229","2229","4499387","4499387","4499387"
"447","2234","2234","2234","4507416","4507416","4507416"
"448","2239","2239","2239","4526346","4526346","4526346"
"449","2244","2244","2244","4528248","4528248","4528248"
"450","2249","2249","2249","4529838","4529838","4529838"
"451","2254","2254","2254","4532302","4532302","4532302"
"452","2259","2259","2259","4556458","4556458","4556458"
"453","2264","2264","2264","4581961","4581961","4581961"
"454","2269","2269","2269","4612141","4612141","4612141"
"455","2274","2274","2274","4619514","4619514","4619514"
"456","2279","2279","2279","4627077","4627077","4627077"
"457","2284","2284","2284","4629242","4629242","4629242"
"458","2289","2289","2289","4630828","4630828","4630828"
"459","2294","2294","2294","4639725","4639725","4639725"
"460","2299","2299","2299","4659133","4659133","4659133"
"461","2304","2304","2304","4668516","4668516","4668516"
"462","2309","2309","2309","4684701","4684701","4684701"
"463","2314","2314","2314","4693941","4693941","4693941"
"464","2319","2319","2319","4695864","4695864","4695864"
"465","2324","2324","2324","4697817","4697817","4697817"
"466","2329","2329","2329","4699757","4699757","4699757"
"467","2334","2334","2334","4701905","4701905","4701905"
"468","2339","2339","2339","4704461","4704461","4704461"
"469","2344","2344","2344","4713653","4713653","4713653"
"470","2349","2349","2349","4721652","4721652","4721652"
"471","2354","2354","2354","4730949","4730949","4730949"
"472","2359","2359","2359","4738289","4738289","4738289"
"473","2364","2364","2364","4756775","4756775","4756775"
"474","2369","2369","2369","4758528","4758528","4758528"
"475","2374","2374","2374","4767526","4767526","4767526"
"476","2379","2379","2379","4774361","4774361","4774361"
"477","2384","2384","2384","4787869","4787869","4787869"
"478","2389","2389","2389","4806611","4806611","4806611"
"479","2394","2394","2394","4809110","4809110","4809110"
"480","2399","2399","2399","4818587","4818587","4818587"
"481","2404","2404","2404","4820497","4820497","4820497"
"482","2409","2409","2409","4840522","4840522","4840522"
"483","2414","2414","2414","4842452","4842452","4842452"
"484","2419","2419","2419","4843907","4843907","4843907"
"485","2424","2424","2424","4854060","4854060","4854060"
"486","2429","2429","2429","4856278","4856278","4856278"
"487","2434","2434","2434","4858436","4858436","4858436"
"488","2439","2439","2439","4873295","4873295","4873295"
"489","2444","2444","2444","4874861","4874861","4874861"
"490","2449","2449","2449","4876850","4876850","4876850"
"491","2454","2454","2454","4879312","4879312","4879312"
"492","2459","2459","2459","4888535","4888535","4888535"
"493","2464","2464","2464","4895781","4895781","4895781"
"494","2469","2469","2469","4903141","4903141","4903141"
"495","2474","2474","2474","4915796","4915796","4915796"
"496","2479","2479","2479","4918012","4918012","4918012"
"497","2484","2484","2484","4924765","4924765","4924765"
"498","2489","2489","2489","4933983","4933983","4933983"
"499","2494","2494","2494","4952746","4952746","4952746"
"500","2499","2499","2499","4971816","4971816","4971816"
"501","2504","2504","2504","5000812","5000812","5000812"
"502","2509","2509","2509","5018785","5018785","5018785"
"503","2514","2514","2514","5021033","5021033","5021033"
"504","2519","2519","2519","5036958","5036958","5036958"
"505","2524","2524","2524","5046232","5046232","5046232"
"506","2529","2529","2529","5047826","5047826","5047826"
"507","2534","2534","2534","5064221","5064221","5064221"
"508","2539","2539","2539","5066161","5066161","5066161"
"509","2544","2544","2544","5094727","5094727","5094727"
"510","2549","2549","2549","5103729","5103729","5103729"
"511","2554","2554","2554","5120415","5120415","5120415"
"512","2559","2559","2559","5129690","5129690","5129690"
"513","2564","2564","2564","5131568","5131568","5131568"
"514","2569","2569","2569","5134066","5134066","5134066"
"515","2574","2574","2574","5157768","5157768","5157768"
"516","2579","2579","2579","5166726","5166726","5166726"
"517","2584","2584","2584","5168889","5168889","5168889"
"518","2589","2589","2589","5180956","5180956","5180956"
"519","2594","2594","2594","5188354","5188354","5188354"
"520","2599","2599","2599","5190296","5190296","5190296"
"521","2604","2604","2604","5192652","5192652","5192652"
"522","2609","2609","2609","5199114","5199114","5199114"
"523","2614","2614","2614","5200707","5200707","5200707"
"524","2619","2619","2619","5209023","5209023","5209023"
"525","2624","2624","2624","5218116","5218116","5218116"
"526","2629","2629","2629","5224276","5224276","5224276"
"527","2634","2634","2634","5226189","5226189","5226189"
"528","2639","2639","2639","5232997","5232997","5232997"
"529","2644","2644","2644","5239536","5239536","5239536"
"530","2649","2649","2649","5241893","5241893","5241893"
"531","2654","2654","2654","5244151","5244151","5244151"
"532","2659","2659","2659","5262387","5262387","5262387"
"533","2664","2664","2664","5264165","5264165","5264165"
"534","2669","2669","2669","5277703","5277703","5277703"
"535","2674","2674","2674","5286623","5286623","5286623"
"536","2679","2679","2679","5293933","5293933","5293933"
"537","2684","2684","2684","5296919","5296919","5296919"
"538","2689","2689","2689","5299252","5299252","5299252"
"539","2694","2694","2694","5301276","5301276","5301276"
"540","2699","2699","2699","5309706","5309706","5309706"
"541","2704","2704","2704","5311978","5311978","5311978"
"542","2709","2709","2709","5326232","5326232","5326232"
"543","2714","2714","2714","5335699","5335699","5335699"
"544","2719","2719","2719","5343033","5343033","5343033"
"545","2724","2724","2724","5345205","5345205","5345205"
"546","2729","2729","2729","5365765","5365765","5365765"
"547","2734","2734","2734","5389046","5389046","5389046"
"548","2739","2739","2739","5395194","5395194","5395194"
"549","2744","2744","2744","5408103","5408103","5408103"
"550","2749","2749","2749","5417029","5417029","5417029"
"551","2754","2754","2754","5425021","5425021","5425021"
"552","2759","2759","2759","5434249","5434249","5434249"
"553","2764","2764","2764","5436091","5436091","5436091"
"554","2769","2769","2769","5455139","5455139","5455139"
"555","2774","2774","2774","5465628","5465628","5465628"
"556","2779","2779","2779","5472598","5472598","5472598"
"557","2784","2784","2784","5480935","5480935","5480935"
"558","2789","2789","2789","5483017","5483017","5483017"
"559","2794","2794","2794","5501219","5501219","5501219"
"560","2799","2799","2799","5503169","5503169","5503169"
"561","2804","2804","2804","5505098","5505098","5505098"
"562","2809","2809","2809","5525168","5525168","5525168"
"563","2814","2814","2814","5536690","5536690","5536690"
"564","2819","2819","2819","5553409","5553409","5553409"
"565","2824","2824","2824","5562405","5562405","5562405"
"566","2829","2829","2829","5570721","5570721","5570721"
"567","2834","2834","2834","5572911","5572911","5572911"
"568","2839","2839","2839","5574813","5574813","5574813"
"569","2844","2844","2844","5588225","5588225","5588225"
"570","2849","2849","2849","5597079","5597079","5597079"
"571","2854","2854","2854","5599127","5599127","5599127"
"572","2859","2859","2859","5601047","5601047","5601047"
"573","2864","2864","2864","5603443","5603443","5603443"
"574","2869","2869","2869","5605767","5605767","5605767"
"575","2874","2874","2874","5623102","5623102","5623102"
"576","2879","2879","2879","5641090","5641090","5641090"
"577","2884","2884","2884","5643215","5643215","5643215"
"578","2889","2889","2889","5656827","5656827","5656827"
"579","2894","2894","2894","5665709","5665709","5665709"
"580","2899","2899","2899","5679997","5679997","5679997"
"581","2904","2904","2904","5682250","5682250","5682250"
"582","2909","2909","2909","5698964","5698964","5698964"
"583","2914","2914","2914","5707842","5707842","5707842"
"584","2919","2919","2919","5717178","5717178","5717178"
"585","2924","2924","2924","5726428","5726428","5726428"
"586","2929","2929","2929","5738900","5738900","5738900"
"587","2934","2934","2934","5740344","5740344","5740344"
"588","2939","2939","2939","5742652","5742652","5742652"
"589","2944","2944","2944","5752766","5752766","5752766"
"590","2949","2949","2949","5764662","5764662","5764662"
"591","2954","2954","2954","5778916","5778916","5778916"
"592","2959","2959","2959","5794441","5794441","5794441"
"593","2964","2964","2964","5801983","5801983","5801983"
"594","2969","2969","2969","5803742","5803742","5803742"
"595","2974","2974","2974","5818762","5818762","5818762"
"596","2979","2979","2979","5839050","5839050","5839050"
"597","2984","2984","2984","5841212","5841212","5841212"
"598","2989","2989","2989","5850560","5850560","5850560"
"599","2994","2994","2994","5865483","5865483","5865483"
"600","2999","2999","2999","5874791","5874791","5874791"
"601","3004","3004","3004","5881219","5881219","5881219"
"602","3009","3009","3009","5897533","5897533","5897533"
"603","3014","3014","3014","5900011","5900011","5900011"
"604","3019","3019","3019","5918500","5918500","5918500"
"605","3024","3024","3024","5935538","5935538","5935538"
"606","3029","3029","3029","5948945","5948945","5948945"
"607","3034","3034","3034","5964030","5964030","5964030"
"608","3039","3039","3039","5978773","5978773","5978773"
"609","3044","3044","3044","5997863","5997863","5997863"
"610","3049","3049","3049","6003997","6003997","6003997"
"611","3054","3054","3054","6006304","6006304","6006304"
"612","3059","3059","3059","6015609","6015609","6015609"
"613","3064","3064","3064","6026877","6026877","6026877"
"614","3069","3069","3069","6029191","6029191","6029191"
"615","3074","3074","3074","6047882","6047882","6047882"
"616","3079","3079","3079","6050108","6050108","6050108"
"617","3084","3084","3084","6059347","6059347","6059347"
"618","3089","3089","3089","6073046","6073046","6073046"
"619","3094","3094","3094","6090580","6090580","6090580"
"620","3099","3099","3099","6116262","6116262","6116262"
"621","3104","3104","3104","6118182","6118182","6118182"
"622","3109","3109","3109","6120664","6120664","6120664"
"623","3114","3114","3114","6139406","6139406","6139406"
"624","3119","3119","3119","6148296","6148296","6148296"
"625","3124","3124","3124","6150222","6150222","6150222"
"626","3129","3129","3129","6157750","6157750","6157750"
"627","3134","3134","3134","6164153","6164153","6164153"
"628","3139","3139","3139","6165737","6165737","6165737"
"629","3144","3144","3144","6168132","6168132","6168132"
"630","3149","3149","3149","6179460","6179460","6179460"
"631","3154","3154","3154","6181054","6181054","6181054"
"632","3159","3159","3159","6200458","6200458","6200458"
"633","3164","3164","3164","6201892","6201892","6201892"
"634","3169","3169","3169","6204382","6204382","6204382"
"635","3174","3174","3174","6220787","6220787","6220787"
"636","3179","3179","3179","6229667","6229667","6229667"
"637","3184","3184","3184","6232134","6232134","6232134"
"638","3189","3189","3189","6245690","6245690","6245690"
"639","3194","3194","3194","6254928","6254928","6254928"
"640","3199","3199","3199","6269220","6269220","6269220"
"641","3204","3204","3204","6271432","6271432","6271432"
"642","3209","3209","3209","6291499","6291499","6291499"
"643","3214","3214","3214","6305889","6305889","6305889"
"644","3219","3219","3219","6317491","6317491","6317491"
"645","3224","3224","3224","6325884","6325884","6325884"
"646","3229","3229","3229","6341207","6341207","6341207"
"647","3234","3234","3234","6356054","6356054","6356054"
"648","3239","3239","3239","6364920","6364920","6364920"
"649","3244","3244","3244","6383366","6383366","6383366"
"650","3249","3249","3249","6400084","6400084","6400084"
"651","3254","3254","3254","6409349","6409349","6409349"
"652","3259","3259","3259","6411718","6411718","6411718"
"653","3264","3264","3264","6420291","6420291","6420291"
"654","3269","3269","3269","6428579","6428579","6428579"
"655","3274","3274","3274","6430875","6430875","6430875"
"656","3279","3279","3279","6451197","6451197","6451197"
"657","3284","3284","3284","6453552","6453552","6453552"
"658","3289","3289","3289","6473194","6473194","6473194"
"659","3294","3294","3294","6490109","6490109","6490109"
"660","3299","3299","3299","6492028","6492028","6492028"
"661","3304","3304","3304","6515678","6515678","6515678"
"662","3309","3309","3309","6517300","6517300","6517300"
"663","3314","3314","3314","6540743","6540743","6540743"
"664","3319","3319","3319","6560163","6560163","6560163"
"665","3324","3324","3324","6567679","6567679","6567679"
"666","3329","3329","3329","6591379","6591379","6591379"
"667","3334","3334","3334","6593360","6593360","6593360"
"668","3339","3339","3339","6602351","6602351","6602351"
"669","3344","3344","3344","6604263","6604263","6604263"
"670","3349","3349","3349","6627033","6627033","6627033"
"671","3354","3354","3354","6645535","6645535","6645535"
"672","3359","3359","3359","6648022","6648022","6648022"
"673","3364","3364","3364","6657498","6657498","6657498"
"674","3369","3369","3369","6666388","6666388","6666388"
"675","3374","3374","3374","6698005","6698005","6698005"
"676","3379","3379","3379","6700409","6700409","6700409"
"677","3384","3384","3384","6702288","6702288","6702288"
"678","3389","3389","3389","6711483","6711483","6711483"
"679","3394","3394","3394","6726763","6726763","6726763"
"680","3399","3399","3399","6742509","6742509","6742509"
"681","3404","3404","3404","6751832","6751832","6751832"
"682","3409","3409","3409","6762498","6762498","6762498"
"683","3414","3414","3414","6781876","6781876","6781876"
"684","3419","3419","3419","6784173","6784173","6784173"
"685","3424","3424","3424","6791319","6791319","6791319"
"686","3429","3429","3429","6813841","6813841","6813841"
"687","3434","3434","3434","6833761","6833761","6833761"
"688","3439","3439","3439","6839893","6839893","6839893"
"689","3444","3444","3444","6873834","6873834","6873834"
"690","3449","3449","3449","6889132","6889132","6889132"
"691","3454","3454","3454","6891167","6891167","6891167"
"692","3459","3459","3459","6907183","6907183","6907183"
"693","3464","3464","3464","6913943","6913943","6913943"
"694","3469","3469","3469","6923172","6923172","6923172"
"695","3474","3474","3474","6925676","6925676","6925676"
"696","3479","3479","3479","6927942","6927942","6927942"
"697","3484","3484","3484","6947338","6947338","6947338"
"698","3489","3489","3489","6955396","6955396","6955396"
"699","3494","3494","3494","6964628","6964628","6964628"
"700","3499","3499","3499","6980866","6980866","6980866"
"701","3504","3504","3504","6987906","6987906","6987906"
"702","3509","3509","3509","6995236","6995236","6995236"
"703","3514","3514","3514","7004448","7004448","7004448"
"704","3519","3519","3519","7006703","7006703","7006703"
"705","3524","3524","3524","7038082","7038082","7038082"
"706","3529","3529","3529","7051614","7051614","7051614"
"707","3534","3534","3534","7053861","7053861","7053861"
"708","3539","3539","3539","7060403","7060403","7060403"
"709","3544","3544","3544","7062526","7062526","7062526"
"710","3549","3549","3549","7064964","7064964","7064964"
"711","3554","3554","3554","7072365","7072365","7072365"
"712","3559","3559","3559","7078543","7078543","7078543"
"713","3564","3564","3564","7080862","7080862","7080862"
"714","3569","3569","3569","7082657","7082657","7082657"