"train/global_step","qwen3vl_rl - _step","qwen3vl_rl - _step__MIN","qwen3vl_rl - _step__MAX","qwen3vl_rl - train/loss","qwen3vl_rl - train/loss__MIN","qwen3vl_rl - train/loss__MAX"
"1","4","4","4","0","0","0"
"2","9","9","9","0.0011","0.0011","0.0011"
"3","14","14","14","0","0","0"
"4","19","19","19","0","0","0"
"5","24","24","24","0","0","0"
"6","29","29","29","0.0004","0.0004","0.0004"
"7","34","34","34","0","0","0"
"8","39","39","39","0.0001","0.0001","0.0001"
"9","44","44","44","0.0069","0.0069","0.0069"
"10","49","49","49","0","0","0"
"11","54","54","54","0.0007","0.0007","0.0007"
"12","59","59","59","0","0","0"
"13","64","64","64","-0.0044","-0.0044","-0.0044"
"14","69","69","69","0","0","0"
"15","74","74","74","0.0004","0.0004","0.0004"
"16","79","79","79","-0.0017","-0.0017","-0.0017"
"17","84","84","84","0.0004","0.0004","0.0004"
"18","89","89","89","0.0011","0.0011","0.0011"
"19","94","94","94","-0.0051","-0.0051","-0.0051"
"20","99","99","99","0","0","0"
"21","104","104","104","0.0028","0.0028","0.0028"
"22","109","109","109","-0.0007","-0.0007","-0.0007"
"23","114","114","114","-0.0013","-0.0013","-0.0013"
"24","119","119","119","0.0014","0.0014","0.0014"
"25","124","124","124","0","0","0"
"26","129","129","129","0.0007","0.0007","0.0007"
"27","134","134","134","0","0","0"
"28","139","139","139","0.0004","0.0004","0.0004"
"29","144","144","144","0","0","0"
"30","149","149","149","0","0","0"
"31","154","154","154","-0.0003","-0.0003","-0.0003"
"32","159","159","159","0","0","0"
"33","164","164","164","-0.001","-0.001","-0.001"
"34","169","169","169","0","0","0"
"35","174","174","174","0.0042","0.0042","0.0042"
"36","179","179","179","0.0011","0.0011","0.0011"
"37","184","184","184","0","0","0"
"38","189","189","189","0","0","0"
"39","194","194","194","0.0017","0.0017","0.0017"
"40","199","199","199","-0.0027","-0.0027","-0.0027"
"41","204","204","204","0","0","0"
"42","209","209","209","0","0","0"
"43","214","214","214","0","0","0"
"44","219","219","219","-0.003","-0.003","-0.003"
"45","224","224","224","0","0","0"
"46","229","229","229","0.0004","0.0004","0.0004"
"47","234","234","234","0.0018","0.0018","0.0018"
"48","239","239","239","0","0","0"
"49","244","244","244","0.0052","0.0052","0.0052"
"50","249","249","249","0","0","0"
"51","254","254","254","0","0","0"
"52","259","259","259","0","0","0"
"53","264","264","264","0","0","0"
"54","269","269","269","-0.001","-0.001","-0.001"
"55","274","274","274","-0.002","-0.002","-0.002"
"56","279","279","279","-0.0003","-0.0003","-0.0003"
"57","284","284","284","-0.0013","-0.0013","-0.0013"
"58","289","289","289","0.0011","0.0011","0.0011"
"59","294","294","294","0.0017","0.0017","0.0017"
"60","299","299","299","0","0","0"
"61","304","304","304","-0.0024","-0.0024","-0.0024"
"62","309","309","309","0.0004","0.0004","0.0004"
"63","314","314","314","0","0","0"
"64","319","319","319","-0.0013","-0.0013","-0.0013"
"65","324","324","324","0.0028","0.0028","0.0028"
"66","329","329","329","0.0038","0.0038","0.0038"
"67","334","334","334","-0.0041","-0.0041","-0.0041"
"68","339","339","339","0.0007","0.0007","0.0007"
"69","344","344","344","0","0","0"
"70","349","349","349","-0.0006","-0.0006","-0.0006"
"71","354","354","354","-0.0013","-0.0013","-0.0013"
"72","359","359","359","0","0","0"
"73","364","364","364","0","0","0"
"74","369","369","369","0.0004","0.0004","0.0004"
"75","374","374","374","0","0","0"
"76","379","379","379","0","0","0"
"77","384","384","384","0.0017","0.0017","0.0017"
"78","389","389","389","-0.0003","-0.0003","-0.0003"
"79","394","394","394","0.0007","0.0007","0.0007"
"80","399","399","399","0","0","0"
"81","404","404","404","0","0","0"
"82","409","409","409","0","0","0"
"83","414","414","414","-0.0058","-0.0058","-0.0058"
"84","419","419","419","0.0028","0.0028","0.0028"
"85","424","424","424","0.0011","0.0011","0.0011"
"86","429","429","429","0","0","0"
"87","434","434","434","0","0","0"
"88","439","439","439","0","0","0"
"89","444","444","444","-0.0007","-0.0007","-0.0007"
"90","449","449","449","0","0","0"
"91","454","454","454","-0.0065","-0.0065","-0.0065"
"92","459","459","459","0","0","0"
"93","464","464","464","0","0","0"
"94","469","469","469","0","0","0"
"95","474","474","474","-0.0013","-0.0013","-0.0013"
"96","479","479","479","0","0","0"
"97","484","484","484","0.0052","0.0052","0.0052"
"98","489","489","489","0","0","0"
"99","494","494","494","0.0028","0.0028","0.0028"
"100","499","499","499","0","0","0"
"101","504","504","504","0","0","0"
"102","509","509","509","0","0","0"
"103","514","514","514","0.0018","0.0018","0.0018"
"104","519","519","519","-0.0006","-0.0006","-0.0006"
"105","524","524","524","0.0004","0.0004","0.0004"
"106","529","529","529","0.0021","0.0021","0.0021"
"107","534","534","534","-0.0003","-0.0003","-0.0003"
"108","539","539","539","0","0","0"
"109","544","544","544","0","0","0"
"110","549","549","549","0.002","0.002","0.002"
"111","554","554","554","0","0","0"
"112","559","559","559","0","0","0"
"113","564","564","564","0","0","0"
"114","569","569","569","0","0","0"
"115","574","574","574","-0.0007","-0.0007","-0.0007"
"116","579","579","579","-0.0003","-0.0003","-0.0003"
"117","584","584","584","0.0045","0.0045","0.0045"
"118","589","589","589","-0.0003","-0.0003","-0.0003"
"119","594","594","594","0","0","0"
"120","599","599","599","-0.002","-0.002","-0.002"
"121","604","604","604","0","0","0"
"122","609","609","609","0.0028","0.0028","0.0028"
"123","614","614","614","0.0001","0.0001","0.0001"
"124","619","619","619","-0.001","-0.001","-0.001"
"125","624","624","624","0.0014","0.0014","0.0014"
"126","629","629","629","-0.001","-0.001","-0.001"
"127","634","634","634","-0.0003","-0.0003","-0.0003"
"128","639","639","639","0.0004","0.0004","0.0004"
"129","644","644","644","0","0","0"
"130","649","649","649","-0.0001","-0.0001","-0.0001"
"131","654","654","654","0","0","0"
"132","659","659","659","0.0001","0.0001","0.0001"
"133","664","664","664","-0.002","-0.002","-0.002"
"134","669","669","669","0","0","0"
"135","674","674","674","0.001","0.001","0.001"
"136","679","679","679","0","0","0"
"137","684","684","684","0","0","0"
"138","689","689","689","0.0007","0.0007","0.0007"
"139","694","694","694","0","0","0"
"140","699","699","699","-0.0013","-0.0013","-0.0013"
"141","704","704","704","0","0","0"
"142","709","709","709","0","0","0"
"143","714","714","714","0","0","0"
"144","719","719","719","0.0021","0.0021","0.0021"
"145","724","724","724","0.0007","0.0007","0.0007"
"146","729","729","729","-0.0044","-0.0044","-0.0044"
"147","734","734","734","-0.0006","-0.0006","-0.0006"
"148","739","739","739","0.0014","0.0014","0.0014"
"149","744","744","744","0.0017","0.0017","0.0017"
"150","749","749","749","0","0","0"
"151","754","754","754","0","0","0"
"152","759","759","759","-0.0003","-0.0003","-0.0003"
"153","764","764","764","0.0007","0.0007","0.0007"
"154","769","769","769","0","0","0"
"155","774","774","774","0","0","0"
"156","779","779","779","0","0","0"
"157","784","784","784","-0.0024","-0.0024","-0.0024"
"158","789","789","789","0.0024","0.0024","0.0024"
"159","794","794","794","0","0","0"
"160","799","799","799","-0.0031","-0.0031","-0.0031"
"161","804","804","804","0.0024","0.0024","0.0024"
"162","809","809","809","0","0","0"
"163","814","814","814","-0.0003","-0.0003","-0.0003"
"164","819","819","819","0.0017","0.0017","0.0017"
"165","824","824","824","0","0","0"
"166","829","829","829","0","0","0"
"167","834","834","834","0","0","0"
"168","839","839","839","0.0004","0.0004","0.0004"
"169","844","844","844","-0.0006","-0.0006","-0.0006"
"170","849","849","849","0.0004","0.0004","0.0004"
"171","854","854","854","0","0","0"
"172","859","859","859","-0.0003","-0.0003","-0.0003"
"173","864","864","864","-0.002","-0.002","-0.002"
"174","869","869","869","-0.0013","-0.0013","-0.0013"
"175","874","874","874","0.0028","0.0028","0.0028"
"176","879","879","879","0","0","0"
"177","884","884","884","0","0","0"
"178","889","889","889","0","0","0"
"179","894","894","894","0","0","0"
"180","899","899","899","0.0004","0.0004","0.0004"
"181","904","904","904","0","0","0"
"182","909","909","909","-0.0013","-0.0013","-0.0013"
"183","914","914","914","-0.0003","-0.0003","-0.0003"
"184","919","919","919","0.0007","0.0007","0.0007"
"185","924","924","924","-0.0017","-0.0017","-0.0017"
"186","929","929","929","0","0","0"
"187","934","934","934","0","0","0"
"188","939","939","939","0.0011","0.0011","0.0011"
"189","944","944","944","0","0","0"
"190","949","949","949","0","0","0"
"191","954","954","954","0.0021","0.0021","0.0021"
"192","959","959","959","-0.0017","-0.0017","-0.0017"
"193","964","964","964","0","0","0"
"194","969","969","969","-0.001","-0.001","-0.001"
"195","974","974","974","-0.0017","-0.0017","-0.0017"
"196","979","979","979","0","0","0"
"197","984","984","984","0.0017","0.0017","0.0017"
"198","989","989","989","0.0004","0.0004","0.0004"
"199","994","994","994","0.0041","0.0041","0.0041"
"200","999","999","999","0","0","0"
"201","1004","1004","1004","0.0007","0.0007","0.0007"
"202","1009","1009","1009","0","0","0"
"203","1014","1014","1014","-0.0031","-0.0031","-0.0031"
"204","1019","1019","1019","0","0","0"
"205","1024","1024","1024","0","0","0"
"206","1029","1029","1029","-0.0013","-0.0013","-0.0013"
"207","1034","1034","1034","0","0","0"
"208","1039","1039","1039","0","0","0"
"209","1044","1044","1044","0.0001","0.0001","0.0001"
"210","1049","1049","1049","-0.0071","-0.0071","-0.0071"
"211","1054","1054","1054","-0.0027","-0.0027","-0.0027"
"212","1059","1059","1059","-0.0065","-0.0065","-0.0065"
"213","1064","1064","1064","0.0004","0.0004","0.0004"
"214","1069","1069","1069","0.0014","0.0014","0.0014"
"215","1074","1074","1074","0","0","0"
"216","1079","1079","1079","0","0","0"
"217","1084","1084","1084","0.0004","0.0004","0.0004"
"218","1089","1089","1089","0","0","0"
"219","1094","1094","1094","-0.001","-0.001","-0.001"
"220","1099","1099","1099","0.0011","0.0011","0.0011"
"221","1104","1104","1104","-0.0013","-0.0013","-0.0013"
"222","1109","1109","1109","0","0","0"
"223","1114","1114","1114","-0.003","-0.003","-0.003"
"224","1119","1119","1119","-0.0007","-0.0007","-0.0007"
"225","1124","1124","1124","-0.0013","-0.0013","-0.0013"
"226","1129","1129","1129","0","0","0"
"227","1134","1134","1134","-0.0003","-0.0003","-0.0003"
"228","1139","1139","1139","0.0001","0.0001","0.0001"
"229","1144","1144","1144","0","0","0"
"230","1149","1149","1149","0.0001","0.0001","0.0001"
"231","1154","1154","1154","0.0007","0.0007","0.0007"
"232","1159","1159","1159","0.0018","0.0018","0.0018"
"233","1164","1164","1164","0.0011","0.0011","0.0011"
"234","1169","1169","1169","0.0011","0.0011","0.0011"
"235","1174","1174","1174","0.0004","0.0004","0.0004"
"236","1179","1179","1179","-0.0003","-0.0003","-0.0003"
"237","1184","1184","1184","-0.0007","-0.0007","-0.0007"
"238","1189","1189","1189","0.0004","0.0004","0.0004"
"239","1194","1194","1194","0","0","0"
"240","1199","1199","1199","0.0021","0.0021","0.0021"
"241","1204","1204","1204","0","0","0"
"242","1209","1209","1209","-0.0007","-0.0007","-0.0007"
"243","1214","1214","1214","-0.0013","-0.0013","-0.0013"
"244","1219","1219","1219","0","0","0"
"245","1224","1224","1224","0.0004","0.0004","0.0004"
"246","1229","1229","1229","0","0","0"
"247","1234","1234","1234","0.0015","0.0015","0.0015"
"248","1239","1239","1239","0","0","0"
"249","1244","1244","1244","-0.0027","-0.0027","-0.0027"
"250","1249","1249","1249","-0.0006","-0.0006","-0.0006"
"251","1254","1254","1254","-0.0045","-0.0045","-0.0045"
"252","1259","1259","1259","0.0001","0.0001","0.0001"
"253","1264","1264","1264","0","0","0"
"254","1269","1269","1269","0","0","0"
"255","1274","1274","1274","0","0","0"
"256","1279","1279","1279","0","0","0"
"257","1284","1284","1284","0.0003","0.0003","0.0003"
"258","1289","1289","1289","0.0011","0.0011","0.0011"
"259","1294","1294","1294","0","0","0"
"260","1299","1299","1299","0","0","0"
"261","1304","1304","1304","0","0","0"
"262","1309","1309","1309","-0.0052","-0.0052","-0.0052"
"263","1314","1314","1314","0.0028","0.0028","0.0028"
"264","1319","1319","1319","0","0","0"
"265","1324","1324","1324","0","0","0"
"266","1329","1329","1329","0","0","0"
"267","1334","1334","1334","0","0","0"
"268","1339","1339","1339","0","0","0"
"269","1344","1344","1344","-0.0007","-0.0007","-0.0007"
"270","1349","1349","1349","0","0","0"
"271","1354","1354","1354","0","0","0"
"272","1359","1359","1359","-0.0027","-0.0027","-0.0027"
"273","1364","1364","1364","-0.001","-0.001","-0.001"
"274","1369","1369","1369","-0.0017","-0.0017","-0.0017"
"275","1374","1374","1374","-0.0024","-0.0024","-0.0024"
"276","1379","1379","1379","0.0038","0.0038","0.0038"
"277","1384","1384","1384","0.001","0.001","0.001"
"278","1389","1389","1389","0","0","0"
"279","1394","1394","1394","-0.0003","-0.0003","-0.0003"
"280","1399","1399","1399","0.001","0.001","0.001"
"281","1404","1404","1404","0","0","0"
"282","1409","1409","1409","-0.0017","-0.0017","-0.0017"
"283","1414","1414","1414","0.0017","0.0017","0.0017"
"284","1419","1419","1419","0","0","0"
"285","1424","1424","1424","0.0062","0.0062","0.0062"
"286","1429","1429","1429","-0.0003","-0.0003","-0.0003"
"287","1434","1434","1434","0.0045","0.0045","0.0045"
"288","1439","1439","1439","0.0007","0.0007","0.0007"
"289","1444","1444","1444","-0.0013","-0.0013","-0.0013"
"290","1449","1449","1449","-0.0003","-0.0003","-0.0003"
"291","1454","1454","1454","0","0","0"
"292","1459","1459","1459","0","0","0"
"293","1464","1464","1464","0","0","0"
"294","1469","1469","1469","0.0007","0.0007","0.0007"
"295","1474","1474","1474","0.0001","0.0001","0.0001"
"296","1479","1479","1479","0.0014","0.0014","0.0014"
"297","1484","1484","1484","0","0","0"
"298","1489","1489","1489","0","0","0"
"299","1494","1494","1494","0.0004","0.0004","0.0004"
"300","1499","1499","1499","0.0014","0.0014","0.0014"
"301","1504","1504","1504","0.0004","0.0004","0.0004"
"302","1509","1509","1509","0","0","0"
"303","1514","1514","1514","0","0","0"
"304","1519","1519","1519","0","0","0"
"305","1524","1524","1524","-0.0003","-0.0003","-0.0003"
"306","1529","1529","1529","0.0038","0.0038","0.0038"
"307","1534","1534","1534","0.0031","0.0031","0.0031"
"308","1539","1539","1539","0","0","0"
"309","1544","1544","1544","0.0017","0.0017","0.0017"
"310","1549","1549","1549","0","0","0"
"311","1554","1554","1554","0","0","0"
"312","1559","1559","1559","-0.0013","-0.0013","-0.0013"
"313","1564","1564","1564","0","0","0"
"314","1569","1569","1569","0","0","0"
"315","1574","1574","1574","-0.0014","-0.0014","-0.0014"
"316","1579","1579","1579","0","0","0"
"317","1584","1584","1584","0.0028","0.0028","0.0028"
"318","1589","1589","1589","0","0","0"
"319","1594","1594","1594","-0.002","-0.002","-0.002"
"320","1599","1599","1599","0","0","0"
"321","1604","1604","1604","0","0","0"
"322","1609","1609","1609","0.0011","0.0011","0.0011"
"323","1614","1614","1614","-0.0041","-0.0041","-0.0041"
"324","1619","1619","1619","0","0","0"
"325","1624","1624","1624","0","0","0"
"326","1629","1629","1629","0","0","0"
"327","1634","1634","1634","0","0","0"
"328","1639","1639","1639","0","0","0"
"329","1644","1644","1644","0","0","0"
"330","1649","1649","1649","0","0","0"
"331","1654","1654","1654","0","0","0"
"332","1659","1659","1659","0","0","0"
"333","1664","1664","1664","0.0014","0.0014","0.0014"
"334","1669","1669","1669","0","0","0"
"335","1674","1674","1674","-0.0003","-0.0003","-0.0003"
"336","1679","1679","1679","0","0","0"
"337","1684","1684","1684","0","0","0"
"338","1689","1689","1689","-0.0017","-0.0017","-0.0017"
"339","1694","1694","1694","0","0","0"
"340","1699","1699","1699","0","0","0"
"341","1704","1704","1704","0","0","0"
"342","1709","1709","1709","-0.0024","-0.0024","-0.0024"
"343","1714","1714","1714","0.0035","0.0035","0.0035"
"344","1719","1719","1719","-0.002","-0.002","-0.002"
"345","1724","1724","1724","0","0","0"
"346","1729","1729","1729","0","0","0"
"347","1734","1734","1734","0","0","0"
"348","1739","1739","1739","-0.0027","-0.0027","-0.0027"
"349","1744","1744","1744","-0.0051","-0.0051","-0.0051"
"350","1749","1749","1749","0","0","0"
"351","1754","1754","1754","-0.001","-0.001","-0.001"
"352","1759","1759","1759","-0.003","-0.003","-0.003"
"353","1764","1764","1764","0","0","0"
"354","1769","1769","1769","0","0","0"
"355","1774","1774","1774","0","0","0"
"356","1779","1779","1779","0","0","0"
"357","1784","1784","1784","0","0","0"
"358","1789","1789","1789","0","0","0"
"359","1794","1794","1794","-0.0013","-0.0013","-0.0013"
"360","1799","1799","1799","0","0","0"
"361","1804","1804","1804","0","0","0"
"362","1809","1809","1809","-0.0007","-0.0007","-0.0007"
"363","1814","1814","1814","0.0001","0.0001","0.0001"
"364","1819","1819","1819","0","0","0"
"365","1824","1824","1824","-0.002","-0.002","-0.002"
"366","1829","1829","1829","0","0","0"
"367","1834","1834","1834","0.0014","0.0014","0.0014"
"368","1839","1839","1839","0.0031","0.0031","0.0031"
"369","1844","1844","1844","-0.0006","-0.0006","-0.0006"
"370","1849","1849","1849","0.0007","0.0007","0.0007"
"371","1854","1854","1854","0.0004","0.0004","0.0004"
"372","1859","1859","1859","-0.002","-0.002","-0.002"
"373","1864","1864","1864","0","0","0"
"374","1869","1869","1869","0","0","0"
"375","1874","1874","1874","0","0","0"
"376","1879","1879","1879","0","0","0"
"377","1884","1884","1884","0.0007","0.0007","0.0007"
"378","1889","1889","1889","0","0","0"
"379","1894","1894","1894","0.0014","0.0014","0.0014"
"380","1899","1899","1899","0","0","0"
"381","1904","1904","1904","0","0","0"
"382","1909","1909","1909","0","0","0"
"383","1914","1914","1914","0","0","0"
"384","1919","1919","1919","-0.0003","-0.0003","-0.0003"
"385","1924","1924","1924","0","0","0"
"386","1929","1929","1929","-0.0006","-0.0006","-0.0006"
"387","1934","1934","1934","0.0014","0.0014","0.0014"
"388","1939","1939","1939","0.0014","0.0014","0.0014"
"389","1944","1944","1944","-0.0044","-0.0044","-0.0044"
"390","1949","1949","1949","-0.0017","-0.0017","-0.0017"
"391","1954","1954","1954","-0.0027","-0.0027","-0.0027"
"392","1959","1959","1959","-0.0027","-0.0027","-0.0027"
"393","1964","1964","1964","0","0","0"
"394","1969","1969","1969","0.0007","0.0007","0.0007"
"395","1974","1974","1974","0","0","0"
"396","1979","1979","1979","0.0017","0.0017","0.0017"
"397","1984","1984","1984","0","0","0"
"398","1989","1989","1989","0","0","0"
"399","1994","1994","1994","0.0014","0.0014","0.0014"
"400","1999","1999","1999","0","0","0"
"401","2004","2004","2004","0","0","0"
"402","2009","2009","2009","0","0","0"
"403","2014","2014","2014","-0.0007","-0.0007","-0.0007"
"404","2019","2019","2019","-0.0013","-0.0013","-0.0013"
"405","2024","2024","2024","0","0","0"
"406","2029","2029","2029","0","0","0"
"407","2034","2034","2034","0","0","0"
"408","2039","2039","2039","-0.0006","-0.0006","-0.0006"
"409","2044","2044","2044","0","0","0"
"410","2049","2049","2049","0","0","0"
"411","2054","2054","2054","0","0","0"
"412","2059","2059","2059","0","0","0"
"413","2064","2064","2064","-0.0031","-0.0031","-0.0031"
"414","2069","2069","2069","0.0052","0.0052","0.0052"
"415","2074","2074","2074","0","0","0"
"416","2079","2079","2079","0.0001","0.0001","0.0001"
"417","2084","2084","2084","0.0007","0.0007","0.0007"
"418","2089","2089","2089","-0.0023","-0.0023","-0.0023"
"419","2094","2094","2094","0","0","0"
"420","2099","2099","2099","0","0","0"
"421","2104","2104","2104","0","0","0"
"422","2109","2109","2109","-0.001","-0.001","-0.001"
"423","2114","2114","2114","-0.0017","-0.0017","-0.0017"
"424","2119","2119","2119","0","0","0"
"425","2124","2124","2124","0.0014","0.0014","0.0014"
"426","2129","2129","2129","0.0007","0.0007","0.0007"
"427","2134","2134","2134","0","0","0"
"428","2139","2139","2139","-0.0003","-0.0003","-0.0003"
"429","2144","2144","2144","-0.0003","-0.0003","-0.0003"
"430","2149","2149","2149","0","0","0"
"431","2154","2154","2154","-0.0006","-0.0006","-0.0006"
"432","2159","2159","2159","0","0","0"
"433","2164","2164","2164","-0.0017","-0.0017","-0.0017"
"434","2169","2169","2169","0.0014","0.0014","0.0014"
"435","2174","2174","2174","0.0007","0.0007","0.0007"
"436","2179","2179","2179","0","0","0"
"437","2184","2184","2184","-0.0027","-0.0027","-0.0027"
"438","2189","2189","2189","0.0004","0.0004","0.0004"
"439","2194","2194","2194","0","0","0"
"440","2199","2199","2199","-0.0006","-0.0006","-0.0006"
"441","2204","2204","2204","0","0","0"
"442","2209","2209","2209","0.0021","0.0021","0.0021"
"443","2214","2214","2214","0.0004","0.0004","0.0004"
"444","2219","2219","2219","-0.0044","-0.0044","-0.0044"
"445","2224","2224","2224","-0.0007","-0.0007","-0.0007"
"446","2229","2229","2229","-0.0007","-0.0007","-0.0007"
"447","2234","2234","2234","-0.0041","-0.0041","-0.0041"
"448","2239","2239","2239","0","0","0"
"449","2244","2244","2244","-0.0007","-0.0007","-0.0007"
"450","2249","2249","2249","0","0","0"
"451","2254","2254","2254","0.0014","0.0014","0.0014"
"452","2259","2259","2259","0","0","0"
"453","2264","2264","2264","0.0018","0.0018","0.0018"
"454","2269","2269","2269","0","0","0"
"455","2274","2274","2274","0.0004","0.0004","0.0004"
"456","2279","2279","2279","0.0052","0.0052","0.0052"
"457","2284","2284","2284","-0.0003","-0.0003","-0.0003"
"458","2289","2289","2289","0","0","0"
"459","2294","2294","2294","-0.0024","-0.0024","-0.0024"
"460","2299","2299","2299","-0.0055","-0.0055","-0.0055"
"461","2304","2304","2304","0.0017","0.0017","0.0017"
"462","2309","2309","2309","-0.0003","-0.0003","-0.0003"
"463","2314","2314","2314","0","0","0"
"464","2319","2319","2319","0.0024","0.0024","0.0024"
"465","2324","2324","2324","-0.0034","-0.0034","-0.0034"
"466","2329","2329","2329","0","0","0"
"467","2334","2334","2334","0.0014","0.0014","0.0014"
"468","2339","2339","2339","0","0","0"
"469","2344","2344","2344","0","0","0"
"470","2349","2349","2349","-0.0003","-0.0003","-0.0003"
"471","2354","2354","2354","-0.0031","-0.0031","-0.0031"
"472","2359","2359","2359","0","0","0"
"473","2364","2364","2364","0","0","0"
"474","2369","2369","2369","0.0003","0.0003","0.0003"
"475","2374","2374","2374","0","0","0"
"476","2379","2379","2379","0.0024","0.0024","0.0024"
"477","2384","2384","2384","0","0","0"
"478","2389","2389","2389","0","0","0"
"479","2394","2394","2394","-0.0003","-0.0003","-0.0003"
"480","2399","2399","2399","0.0024","0.0024","0.0024"
"481","2404","2404","2404","0","0","0"
"482","2409","2409","2409","0","0","0"
"483","2414","2414","2414","0","0","0"
"484","2419","2419","2419","0","0","0"
"485","2424","2424","2424","-0.0003","-0.0003","-0.0003"
"486","2429","2429","2429","0","0","0"
"487","2434","2434","2434","-0.0007","-0.0007","-0.0007"
"488","2439","2439","2439","0.0004","0.0004","0.0004"
"489","2444","2444","2444","0","0","0"
"490","2449","2449","2449","0","0","0"
"491","2454","2454","2454","-0.0003","-0.0003","-0.0003"
"492","2459","2459","2459","0.0045","0.0045","0.0045"
"493","2464","2464","2464","0","0","0"
"494","2469","2469","2469","0","0","0"
"495","2474","2474","2474","0.0024","0.0024","0.0024"
"496","2479","2479","2479","0","0","0"
"497","2484","2484","2484","-0.0003","-0.0003","-0.0003"
"498","2489","2489","2489","0.0007","0.0007","0.0007"
"499","2494","2494","2494","-0.0045","-0.0045","-0.0045"
"500","2499","2499","2499","0","0","0"
"501","2504","2504","2504","0","0","0"
"502","2509","2509","2509","0","0","0"
"503","2514","2514","2514","-0.0007","-0.0007","-0.0007"
"504","2519","2519","2519","-0.0037","-0.0037","-0.0037"
"505","2524","2524","2524","0","0","0"
"506","2529","2529","2529","0","0","0"
"507","2534","2534","2534","0.0024","0.0024","0.0024"
"508","2539","2539","2539","-0.0003","-0.0003","-0.0003"
"509","2544","2544","2544","0.0021","0.0021","0.0021"
"510","2549","2549","2549","0","0","0"
"511","2554","2554","2554","0","0","0"
"512","2559","2559","2559","-0.0003","-0.0003","-0.0003"
"513","2564","2564","2564","0","0","0"
"514","2569","2569","2569","-0.0034","-0.0034","-0.0034"
"515","2574","2574","2574","-0.0034","-0.0034","-0.0034"
"516","2579","2579","2579","0.0041","0.0041","0.0041"
"517","2584","2584","2584","0.0031","0.0031","0.0031"
"518","2589","2589","2589","-0.0017","-0.0017","-0.0017"
"519","2594","2594","2594","0","0","0"
"520","2599","2599","2599","-0.0013","-0.0013","-0.0013"
"521","2604","2604","2604","0","0","0"
"522","2609","2609","2609","-0.0006","-0.0006","-0.0006"
"523","2614","2614","2614","0","0","0"
"524","2619","2619","2619","-0.0003","-0.0003","-0.0003"
"525","2624","2624","2624","0.0024","0.0024","0.0024"
"526","2629","2629","2629","0","0","0"
"527","2634","2634","2634","-0.0031","-0.0031","-0.0031"
"528","2639","2639","2639","0","0","0"
"529","2644","2644","2644","0.0011","0.0011","0.0011"
"530","2649","2649","2649","-0.0003","-0.0003","-0.0003"
"531","2654","2654","2654","-0.0047","-0.0047","-0.0047"
"532","2659","2659","2659","0","0","0"
"533","2664","2664","2664","0.0001","0.0001","0.0001"
"534","2669","2669","2669","0","0","0"
"535","2674","2674","2674","0","0","0"
"536","2679","2679","2679","0","0","0"
"537","2684","2684","2684","0","0","0"
"538","2689","2689","2689","0.0024","0.0024","0.0024"
"539","2694","2694","2694","-0.0006","-0.0006","-0.0006"
"540","2699","2699","2699","0","0","0"
"541","2704","2704","2704","0","0","0"
"542","2709","2709","2709","0","0","0"
"543","2714","2714","2714","0","0","0"
"544","2719","2719","2719","0","0","0"
"545","2724","2724","2724","-0.0007","-0.0007","-0.0007"
"546","2729","2729","2729","0","0","0"
"547","2734","2734","2734","-0.0024","-0.0024","-0.0024"
"548","2739","2739","2739","0","0","0"
"549","2744","2744","2744","0.0001","0.0001","0.0001"
"550","2749","2749","2749","0","0","0"
"551","2754","2754","2754","0","0","0"
"552","2759","2759","2759","0.0035","0.0035","0.0035"
"553","2764","2764","2764","0","0","0"
"554","2769","2769","2769","0","0","0"
"555","2774","2774","2774","0","0","0"
"556","2779","2779","2779","0","0","0"
"557","2784","2784","2784","-0.0038","-0.0038","-0.0038"
"558","2789","2789","2789","0.0007","0.0007","0.0007"
"559","2794","2794","2794","0","0","0"
"560","2799","2799","2799","0","0","0"
"561","2804","2804","2804","-0.0003","-0.0003","-0.0003"
"562","2809","2809","2809","0.0001","0.0001","0.0001"
"563","2814","2814","2814","0","0","0"
"564","2819","2819","2819","0.0038","0.0038","0.0038"
"565","2824","2824","2824","0","0","0"
"566","2829","2829","2829","0.0042","0.0042","0.0042"
"567","2834","2834","2834","0","0","0"
"568","2839","2839","2839","0","0","0"
"569","2844","2844","2844","0","0","0"
"570","2849","2849","2849","0","0","0"
"571","2854","2854","2854","0.0034","0.0034","0.0034"
"572","2859","2859","2859","0","0","0"
"573","2864","2864","2864","-0.0006","-0.0006","-0.0006"
"574","2869","2869","2869","0","0","0"
"575","2874","2874","2874","0.0011","0.0011","0.0011"
"576","2879","2879","2879","-0.002","-0.002","-0.002"
"577","2884","2884","2884","-0.0003","-0.0003","-0.0003"
"578","2889","2889","2889","-0.002","-0.002","-0.002"
"579","2894","2894","2894","0","0","0"
"580","2899","2899","2899","0","0","0"
"581","2904","2904","2904","0.0004","0.0004","0.0004"
"582","2909","2909","2909","0","0","0"
"583","2914","2914","2914","0","0","0"
"584","2919","2919","2919","0","0","0"
"585","2924","2924","2924","0.0007","0.0007","0.0007"
"586","2929","2929","2929","0","0","0"
"587","2934","2934","2934","0","0","0"
"588","2939","2939","2939","0.0007","0.0007","0.0007"
"589","2944","2944","2944","0","0","0"
"590","2949","2949","2949","0","0","0"
"591","2954","2954","2954","0","0","0"
"592","2959","2959","2959","0.0024","0.0024","0.0024"
"593","2964","2964","2964","0","0","0"
"594","2969","2969","2969","-0.0072","-0.0072","-0.0072"
"595","2974","2974","2974","0.0001","0.0001","0.0001"
"596","2979","2979","2979","-0.002","-0.002","-0.002"
"597","2984","2984","2984","-0.0013","-0.0013","-0.0013"
"598","2989","2989","2989","0.0007","0.0007","0.0007"
"599","2994","2994","2994","0.0017","0.0017","0.0017"
"600","2999","2999","2999","0","0","0"
"601","3004","3004","3004","-0.0006","-0.0006","-0.0006"
"602","3009","3009","3009","0","0","0"
"603","3014","3014","3014","-0.0013","-0.0013","-0.0013"
"604","3019","3019","3019","-0.0003","-0.0003","-0.0003"
"605","3024","3024","3024","0","0","0"
"606","3029","3029","3029","0.0038","0.0038","0.0038"
"607","3034","3034","3034","0.0011","0.0011","0.0011"
"608","3039","3039","3039","0.0003","0.0003","0.0003"
"609","3044","3044","3044","0","0","0"
"610","3049","3049","3049","0","0","0"
"611","3054","3054","3054","-0.0113","-0.0113","-0.0113"
"612","3059","3059","3059","0","0","0"
"613","3064","3064","3064","0","0","0"
"614","3069","3069","3069","0.0021","0.0021","0.0021"
"615","3074","3074","3074","0","0","0"
"616","3079","3079","3079","-0.0007","-0.0007","-0.0007"
"617","3084","3084","3084","0.0024","0.0024","0.0024"
"618","3089","3089","3089","0.0017","0.0017","0.0017"
"619","3094","3094","3094","0","0","0"
"620","3099","3099","3099","0.0028","0.0028","0.0028"
"621","3104","3104","3104","0.0014","0.0014","0.0014"
"622","3109","3109","3109","0","0","0"
"623","3114","3114","3114","0","0","0"
"624","3119","3119","3119","0","0","0"
"625","3124","3124","3124","0","0","0"
"626","3129","3129","3129","0","0","0"
"627","3134","3134","3134","0.0004","0.0004","0.0004"
"628","3139","3139","3139","-0.0027","-0.0027","-0.0027"
"629","3144","3144","3144","-0.0003","-0.0003","-0.0003"
"630","3149","3149","3149","0.0021","0.0021","0.0021"
"631","3154","3154","3154","0","0","0"
"632","3159","3159","3159","-0.0003","-0.0003","-0.0003"
"633","3164","3164","3164","0","0","0"
"634","3169","3169","3169","0","0","0"
"635","3174","3174","3174","-0.001","-0.001","-0.001"
"636","3179","3179","3179","0","0","0"
"637","3184","3184","3184","0.0004","0.0004","0.0004"
"638","3189","3189","3189","0","0","0"
"639","3194","3194","3194","0.0088","0.0088","0.0088"
"640","3199","3199","3199","0","0","0"
"641","3204","3204","3204","0","0","0"
"642","3209","3209","3209","-0.0017","-0.0017","-0.0017"
"643","3214","3214","3214","0","0","0"
"644","3219","3219","3219","0","0","0"
"645","3224","3224","3224","-0.0045","-0.0045","-0.0045"
"646","3229","3229","3229","-0.0045","-0.0045","-0.0045"
"647","3234","3234","3234","0","0","0"
"648","3239","3239","3239","0","0","0"
"649","3244","3244","3244","0.0007","0.0007","0.0007"
"650","3249","3249","3249","0.002","0.002","0.002"
"651","3254","3254","3254","0.0011","0.0011","0.0011"
"652","3259","3259","3259","-0.0003","-0.0003","-0.0003"
"653","3264","3264","3264","0.0004","0.0004","0.0004"
"654","3269","3269","3269","0","0","0"
"655","3274","3274","3274","0.0007","0.0007","0.0007"
"656","3279","3279","3279","0","0","0"
"657","3284","3284","3284","-0.0024","-0.0024","-0.0024"
"658","3289","3289","3289","0","0","0"
"659","3294","3294","3294","-0.0003","-0.0003","-0.0003"
"660","3299","3299","3299","-0.003","-0.003","-0.003"
"661","3304","3304","3304","0","0","0"
"662","3309","3309","3309","0","0","0"
"663","3314","3314","3314","0.001","0.001","0.001"
"664","3319","3319","3319","0.0021","0.0021","0.0021"
"665","3324","3324","3324","0","0","0"
"666","3329","3329","3329","0","0","0"
"667","3334","3334","3334","0.0011","0.0011","0.0011"
"668","3339","3339","3339","0","0","0"
"669","3344","3344","3344","0.0007","0.0007","0.0007"
"670","3349","3349","3349","0","0","0"
"671","3354","3354","3354","0.0021","0.0021","0.0021"
"672","3359","3359","3359","-0.003","-0.003","-0.003"
"673","3364","3364","3364","-0.002","-0.002","-0.002"
"674","3369","3369","3369","0","0","0"
"675","3374","3374","3374","0.0004","0.0004","0.0004"
"676","3379","3379","3379","0.0007","0.0007","0.0007"
"677","3384","3384","3384","0","0","0"
"678","3389","3389","3389","0.0004","0.0004","0.0004"
"679","3394","3394","3394","0","0","0"
"680","3399","3399","3399","0","0","0"
"681","3404","3404","3404","-0.0017","-0.0017","-0.0017"
"682","3409","3409","3409","0","0","0"
"683","3414","3414","3414","0","0","0"
"684","3419","3419","3419","0.0004","0.0004","0.0004"
"685","3424","3424","3424","0.0007","0.0007","0.0007"
"686","3429","3429","3429","0.0001","0.0001","0.0001"
"687","3434","3434","3434","-0.002","-0.002","-0.002"
"688","3439","3439","3439","0","0","0"
"689","3444","3444","3444","-0.0013","-0.0013","-0.0013"
"690","3449","3449","3449","0","0","0"
"691","3454","3454","3454","0.001","0.001","0.001"
"692","3459","3459","3459","0.0042","0.0042","0.0042"
"693","3464","3464","3464","-0.0007","-0.0007","-0.0007"
"694","3469","3469","3469","0.0011","0.0011","0.0011"
"695","3474","3474","3474","0.0007","0.0007","0.0007"
"696","3479","3479","3479","0","0","0"
"697","3484","3484","3484","0.0024","0.0024","0.0024"
"698","3489","3489","3489","-0.0034","-0.0034","-0.0034"
"699","3494","3494","3494","-0.0019","-0.0019","-0.0019"
"700","3499","3499","3499","0","0","0"
"701","3504","3504","3504","0","0","0"
"702","3509","3509","3509","0","0","0"
"703","3514","3514","3514","-0.0007","-0.0007","-0.0007"
"704","3519","3519","3519","0.0004","0.0004","0.0004"
"705","3524","3524","3524","-0.0037","-0.0037","-0.0037"
"706","3529","3529","3529","0","0","0"
"707","3534","3534","3534","-0.001","-0.001","-0.001"
"708","3539","3539","3539","0","0","0"
"709","3544","3544","3544","0.0025","0.0025","0.0025"
"710","3549","3549","3549","0","0","0"
"711","3554","3554","3554","0.0004","0.0004","0.0004"
"712","3559","3559","3559","0","0","0"
"713","3564","3564","3564","0.0004","0.0004","0.0004"
"714","3569","3569","3569","0.0024","0.0024","0.0024"